,A,B,C,D
2000-01-01,-1.149924944950607,0.7497397331634,-0.6775089213254653,2.225364225007466
2000-01-02,-2.2624222143253636,0.7508785028292412,-3.4715446332716255,1.1057388433257032
2000-01-03,-0.32945093548905335,-0.6849752772731025,-2.729516938325485,2.322658723440657
2000-01-04,0.5982077183750384,-1.8535665766914575,-1.1534346168514644,1.8402619997345109
2000-01-05,-1.5218380455695644,-0.446979152261628,-0.03175311074132359,0.7177919360880105
2000-01-06,-2.0376121011575457,-0.8798717523432451,0.7101483348371944,0.8295636866568957
2000-01-07,-1.5464894956447073,0.16746706761525432,0.7626338612702962,2.2997924786203923
2000-01-08,0.5512827960356423,0.7357300189047414,-0.4349350585747861,2.2962627383198964
2000-01-09,0.9273084362848089,0.7092816171639436,0.7985991453809539,2.8570998549401114
2000-01-10,1.7636603936761421,2.6606083194061965,1.4974200851193842,2.9955809813639664
2000-01-11,1.6328466011744598,0.7927667298616305,0.24190689923736675,2.616417688900335
2000-01-12,3.2795227882898903,2.24721443649322,1.1998727107726828,2.5326423724968268
2000-01-13,3.45855448658356,1.5223131992297332,0.7808524086177377,2.242619275509678
2000-01-14,4.898861530106165,2.083217284362817,0.22296367697194075,2.3483604036669847
2000-01-15,6.4018999859769306,2.8080923765973407,1.0655193378761547,2.0051586793541545
2000-01-16,6.456463311955437,1.8713610984095626,0.5975244351774536,2.099024090443991
2000-01-17,6.52339656722502,1.4668263611304306,0.1833231170529997,1.7366595323058456
2000-01-18,6.38305115165804,1.9457960348434065,-0.2747886360545473,0.275109321446535
2000-01-19,5.484718491261399,2.5487805506313577,1.4359290781109297,1.52438268811329
2000-01-20,5.887712154694096,1.4691624636553047,2.1401340612783843,1.0621885372946054
2000-01-21,7.276091268145101,2.822036758161613,2.8650922571969613,2.3244270153572186
2000-01-22,7.056284737031774,2.9878887481584915,3.475029607931331,4.494890388460838
2000-01-23,7.988544933985607,4.142532979234398,4.95126223699283,2.705127605583117
2000-01-24,8.985475137307484,4.242947027290805,2.8261470430684645,1.8850831905583476
2000-01-25,9.944788053588134,3.8392499511273357,3.9417717018781575,0.8873316529931036
2000-01-26,9.464098938505792,3.891063154619909,4.386897526569409,-0.679578192718928
2000-01-27,9.886328144253916,1.889840575147712,4.432267929423446,-0.2676849149419423
2000-01-28,9.375694431987357,3.8935447766431226,4.968289471961594,0.1747047809511783
2000-01-29,7.538411006177663,5.464730439553998,4.55117688260158,0.7165468210088726
2000-01-30,7.309934763441052,5.511671847410355,4.731089616217674,-0.2113463079062815
2000-01-31,7.530774473429665,7.43231061479935,4.634869132724857,-1.0702804577087517
2000-02-01,8.538769316522584,6.3533323210474615,2.6312209903067756,-1.9741124224811553
2000-02-02,9.329779826840888,5.686297500759166,4.8684652856453585,-2.7969350429664592
2000-02-03,10.521938586329501,4.2971988666416046,4.833810081147392,-2.9123122771608574
2000-02-04,10.077462640303121,5.170246370465549,2.8703141717994223,-3.8056348460227434
2000-02-05,11.221655361706983,3.8116556991767387,2.887776942977207,-3.5231054016149863
2000-02-06,12.429155770774052,3.272089044451268,2.6332027867848886,-4.287032782478405
2000-02-07,11.403164988846395,1.7068492707201393,4.08034957618317,-3.4986779228846796
2000-02-08,12.171918575286824,1.892311093485189,3.9230925575677227,-4.535256359119461
2000-02-09,12.2930523478477,1.3807863097055657,4.11288816138638,-4.89758328446281
2000-02-10,11.71167688961428,-0.12575970883129473,3.49409654780218,-5.681656543394114
2000-02-11,10.866922267862753,-0.8792504601240834,3.5859012802534838,-6.278681869320889
2000-02-12,11.580461873569265,-0.6652063728871385,3.0459826256539695,-6.26937623240826
2000-02-13,12.565229802695903,0.5892257873997613,4.384567163395313,-6.306791217697463
2000-02-14,10.60361271600961,0.20796253701095335,4.49151743863792,-5.747157913303102
2000-02-15,11.174869862822423,0.7398421899218796,4.05234977888975,-5.945137467071177
2000-02-16,9.104352103080878,-0.22361997507875642,4.1474359522305475,-5.17627641317114
2000-02-17,9.102707870004755,0.18288109365580668,1.2708514731542309,-4.006154133476398
2000-02-18,10.608036956578662,1.2127586163077253,0.4242295902683011,-5.140295234757734
2000-02-19,9.89755821432402,0.9404325599417616,1.3157182720638536,-5.922188120655296
2000-02-20,11.263806707661209,1.3284435876543221,-0.3735726534179291,-5.7667615602781614
2000-02-21,11.377529572288356,1.5524359271187578,2.1198588767981015,-6.3664611239022415
2000-02-22,12.769931697887996,3.2618998433402826,0.6274291608327058,-6.529300898186217
2000-02-23,16.090788747030285,3.500223146178572,-0.05617569822522028,-4.293916029870042
2000-02-24,15.675228517615222,3.6569993950258275,0.9848286014245872,-3.5003947620229163
2000-02-25,16.264439020897264,3.242831755179456,1.8619081371666795,-1.32194582779867
2000-02-26,15.531626419067198,4.361605126410377,0.7326580563925005,-1.3826864302989572
2000-02-27,14.10937180986718,5.070590440748315,1.4427941256857704,-0.508813616181343
2000-02-28,12.82084271454735,5.163347599242279,1.0759791909900294,-1.109720044014729
2000-02-29,13.202282642963256,5.060789727549964,1.7083288634044584,-1.5989966233178894
2000-03-01,13.541621365591796,5.190744656975958,3.31034085211101,-1.7511117413941548
2000-03-02,15.377237990283916,5.171539483465573,4.145935985076386,-1.3534940781614708
2000-03-03,15.494596628119737,3.9838151260941483,3.586867008660813,0.5742557743226251
2000-03-04,14.878089616206811,4.804859935611694,4.047245765010158,2.0587171722004394
2000-03-05,13.980242366110044,5.499937713765827,0.8844242615416489,0.8363472261824865
2000-03-06,14.567683059870376,5.2222122140381675,-0.029233274053678482,1.0852087816599787
2000-03-07,13.376147714781457,5.897553828139301,-1.1215529549990981,2.188656251653296
2000-03-08,14.692545586283778,5.589790834050671,0.19903363038871213,2.7224293421358507
2000-03-09,14.182701590785358,5.994621549016748,1.138921470466866,3.623112328906794
2000-03-10,13.461721332282073,6.267603757390639,0.9171484055750261,3.5618251368195972
2000-03-11,14.52871468016417,6.50518841682552,-0.5176737819422903,5.1705227093467805
2000-03-12,15.096686414187019,5.629101788391413,-0.20787024594936554,5.519969094892182
2000-03-13,14.164704451317988,3.1884203528783543,-1.1121212265696814,5.544629258055396
2000-03-14,14.413848618891937,3.331961822282163,-1.9567014982269684,4.360245260777672
2000-03-15,12.92116296111881,2.113941122865039,-3.1612462043992293,5.023206839344409
2000-03-16,12.357948655572823,2.05665323257794,-2.046839743526407,4.731363238359296
2000-03-17,11.20659371770788,2.671937886976963,-2.411851998807372,3.982010508699033
2000-03-18,9.378526890427993,2.1618298067875146,-3.374787039863666,3.3472668769104907
2000-03-19,8.316949052815385,3.4921983451476017,-3.5796166904363718,4.649063824627843
2000-03-20,9.07070788729791,3.701121644201653,-2.8858663961175477,5.19451922535948
2000-03-21,10.394737685901502,3.0912327123910184,-3.7998245553988053,4.402675419709544
2000-03-22,12.52511216751675,3.1313781316043574,-3.0394191179901044,5.453489374560038
2000-03-23,12.499468620664382,3.322129135053166,-2.6071511856478726,5.002107929255533
2000-03-24,11.989239819493976,2.9462150827039384,-0.010981333500577062,5.205947023703637
2000-03-25,12.681208976836771,3.128703881077041,-0.16743020959787774,4.414733739161045
2000-03-26,13.161499972489693,2.8083516703998512,0.8475505454114998,5.051215547026168
2000-03-27,13.065773582684765,3.8856132920698414,0.7314493215307397,4.940638156829127
2000-03-28,13.273738239328216,1.7551821210827554,1.0550573354333164,5.005982528993384
2000-03-29,14.505267410132538,2.045917660671544,1.5245781542777312,6.291329365974456
2000-03-30,12.240426612332282,0.5970111565122158,1.1210392002367304,6.263089858651044
2000-03-31,13.569268108734114,-0.7330011193895212,2.372658382797669,5.774705441643006
2000-04-01,13.233825864331257,-2.6933275188817927,2.4011262688131816,6.207680999271176
2000-04-02,13.24952745838512,-2.159625382632215,2.677600875103279,7.680677769724694
2000-04-03,12.599067320703494,-1.7702924465890395,3.550155164288373,7.964244853018451
2000-04-04,12.422203725097843,-1.915299002803761,4.078701007380826,7.588926406831094
2000-04-05,12.400880524011784,-1.847862341711732,2.548094457260797,6.148976840510984
2000-04-06,12.944593068237507,-1.8505403381113412,3.0840409684037655,6.057407378823343
2000-04-07,11.564749482275422,-1.7723481930578984,1.848418426410048,5.351794688153718
2000-04-08,10.656358792537162,-1.17425057870076,1.3255265099198241,4.996743674612829
2000-04-09,10.156446133705725,-0.6105268540357999,0.9253280938292225,4.226904191130853
2000-04-10,9.738550580277806,-0.6453530777325319,0.39429779463448233,4.564664020175285
2000-04-11,10.839207083729278,-0.2379053075710234,-0.038193166162174164,3.4947629987082474
2000-04-12,12.384688631014777,-0.36854405021639636,-1.8740419938569526,6.143482864946015
2000-04-13,13.315231488849824,-0.8693146924021882,-2.07257927385913,5.030851014464579
2000-04-14,13.496591319813772,-0.1706636925902535,-3.1953582330615733,3.8052869797315862
2000-04-15,14.441277838714718,-0.7815094114824419,-3.8182895048247407,3.43425691223863
2000-04-16,14.571528044525017,0.5559411651024633,-1.9840372575965513,3.0398989619915207
2000-04-17,13.503920052846905,0.5711192630682915,-1.7580526414383648,3.451101434899153
2000-04-18,13.760979192344289,-0.7480876693891478,-1.414315790635577,3.4291687367522585
2000-04-19,13.685301718584657,1.3312812736772146,-1.8859175222087528,3.7186783665629104
2000-04-20,13.547929038521096,1.2156424447706828,-1.5764840922481063,2.5492606358201026
2000-04-21,14.822193215537338,1.0420964210467638,-2.632993941534801,0.5310773791359025
2000-04-22,15.61277934568626,2.3265756557367503,-2.8925478025417384,0.42873736985837657
2000-04-23,17.196230273961724,3.1263938687428343,-1.6433802026764217,0.14260348660460742
2000-04-24,20.2656258920103,3.5036117752869673,-1.1508118628378239,0.42186778281719317
2000-04-25,20.531006987473226,3.0983545160102075,-2.2566928339988603,0.04789948445158221
2000-04-26,20.698598380817096,2.619014727251744,-1.7077849148350424,1.1373773878777937
2000-04-27,21.726055689570504,3.4692875757038704,-1.1231729057400432,0.36986309434486897
2000-04-28,20.194920895218093,3.166509681867127,-3.4590554841781,-0.3930078777100361
2000-04-29,20.037393703284618,4.112514171399308,-3.538821762246645,0.5867926121415113
2000-04-30,20.413004894823676,3.10921386899754,-2.8494122798041017,0.6545824345838085
2000-05-01,19.147641193684205,1.9841041577760272,-3.104865249941389,-0.09503328888292684
2000-05-02,17.470532476092853,2.347487636122424,-4.015749840250288,0.9354117810485891
2000-05-03,18.131222159937664,2.342459860359342,-3.777807415720167,2.5968505125811046
2000-05-04,19.409143031113544,1.9531419146426219,-4.458713171282357,3.4752906515759143
2000-05-05,18.84402139282316,2.94080257467746,-2.730530514919768,2.7873530953939074
2000-05-06,18.22059791925683,3.078728962442825,-1.104860909898153,3.5047339196705596
2000-05-07,17.354056467670947,4.851884995515032,-1.6931794536463343,2.168130849499388
2000-05-08,17.40517021143708,4.516579954567987,-1.8709858734474825,2.3882517683420925
2000-05-09,17.68155013649776,5.663839940158644,-1.2000259155098227,1.2927217457382683
2000-05-10,17.644681255977847,4.34846188818399,-3.693188062080507,2.037314929964457
2000-05-11,17.182951847628328,4.879394454512746,-3.8086559352295457,1.722063472406166
2000-05-12,17.280902270786356,4.956512129773598,-2.472869912279176,1.3845365088626904
2000-05-13,18.290103584643905,4.4100008992146,-2.018792036235245,1.5974141459208726
2000-05-14,18.385088495077497,4.696206464550842,-2.421806877407302,1.1386827844728935
2000-05-15,18.52390419221449,5.699068395115735,-3.1013587751364473,0.46535586739592905
2000-05-16,19.851265719552543,4.232512581554695,-3.2218273815264777,2.16593696132787
2000-05-17,20.521014260411228,4.685325124426295,-2.052432640222345,1.6737636793335722
2000-05-18,20.101437697733854,5.217652466021169,-3.044679243069929,1.663355315807034
2000-05-19,20.665686225795863,5.134028134382163,-2.2367920975840843,1.5049202637321357
2000-05-20,22.275605012370953,3.7771916463799498,-2.801509052791463,0.5872973648138975
2000-05-21,23.421277280793134,4.712679229088568,-2.062759240263665,1.2010813843272659
2000-05-22,24.386200617699224,2.6377763806915966,-2.942646436088269,0.7054492329090702
2000-05-23,24.525511121958505,3.529056853581374,-1.505705009561093,0.6983474504459897
2000-05-24,25.307332888939122,1.9886455816917203,-0.9384858029680452,0.9587325763601224
2000-05-25,26.19481875237845,2.644036905417659,-1.0819716093139233,0.9217067262355257
2000-05-26,25.707805038715655,2.0469825069650804,-0.3604225203990242,1.5553319265491983
2000-05-27,26.003889533171794,3.364375902367538,-0.4988770630669586,1.5779213174270508
2000-05-28,25.72706744349079,2.880314589583597,0.35267565029503095,2.294813660701927
2000-05-29,28.082546076875282,1.2162403204760501,0.4100298425815218,1.4291457787400477
2000-05-30,27.165966121324036,-0.2651776533784649,-1.1351222085820352,2.499968134636762
2000-05-31,28.95900489193685,-0.9364786207752256,-1.649252510312581,2.8679855920958865
2000-06-01,28.780310381658484,-0.5341414199187946,-1.3637710271987344,2.18453040625696
2000-06-02,28.655857264938696,-0.8610035370866143,-1.7035582641231344,-0.6853743599669513
2000-06-03,28.889703948789453,-1.1328633995524928,-0.11915179808166343,0.8466011142248528
2000-06-04,27.03823509999819,-3.556043848323062,-0.7974277153087155,1.6829053161296417
2000-06-05,26.73619559933348,-5.371190625242377,-1.051883433787653,0.8806957924175218
2000-06-06,26.710782905648127,-5.2551476742669525,-1.6053086923537823,-0.5196646351801579
2000-06-07,27.530687264807458,-5.418519434705739,-3.2267294427586233,-1.3465724826992207
2000-06-08,26.573251101525912,-5.271805212883218,-4.078509066401969,-2.5778775684373842
2000-06-09,26.886195676249187,-3.7675565150274917,-3.256641981126428,-2.2235164064639243
2000-06-10,27.587430820648958,-3.0467359610625886,-5.411940121337498,-4.089321384922603
2000-06-11,27.743193304243345,-3.1665135328115723,-5.551806462819444,-4.513598440356459
2000-06-12,29.388920611313676,-3.3158401545284977,-4.094435509189488,-3.4685430897287706
2000-06-13,28.591041226427755,-2.310469987036247,-5.8853422890831295,-4.547099577054891
2000-06-14,27.743039663749684,-3.9919576917294046,-7.4073511839982595,-5.119835405492409
2000-06-15,27.065814596589394,-4.3096774960212585,-7.147982788423919,-3.6852774295233357
2000-06-16,27.144327938506084,-4.921324477343754,-6.589560017191502,-3.597650961453583
2000-06-17,26.7204946757803,-6.620065027841236,-6.181800113767338,-3.675436161552513
2000-06-18,27.224867614822738,-4.646367044877311,-5.8431658350180165,-3.8344682256829317
2000-06-19,26.821054049755464,-5.546100397243363,-6.075822835674698,-4.523087888723818
2000-06-20,25.21898644528868,-7.731927211167392,-7.66961335568227,-3.5825033030829974
2000-06-21,24.85256875398431,-7.814054063776828,-8.397199440997692,-4.297374554955995
2000-06-22,25.674861695375796,-7.404033915822761,-7.211075473984312,-4.304477357735641
2000-06-23,24.878409728615832,-8.716648130660499,-7.157000460284773,-2.3292856108619135
2000-06-24,24.740675939642795,-10.373663071734493,-5.32981386905244,-2.8416951436740514
2000-06-25,23.74958949030335,-10.66957666078528,-4.7951546481015095,-0.917778953546504
2000-06-26,22.193671130301222,-10.192006618127296,-5.998388478427911,0.5375060121216448
2000-06-27,22.005741769584287,-9.323082800660387,-5.735837636955216,1.5480947167972037
2000-06-28,22.41145636261688,-8.33325404904756,-5.92374845994336,2.520617300820771
2000-06-29,22.79326500201351,-8.131222945035521,-4.691924159529592,1.6213442519468892
2000-06-30,22.089998109399932,-7.112149746595093,-6.226938706671057,2.6318034322681045
2000-07-01,22.126919266810496,-7.546805722328421,-7.294049569052265,3.6826273214391225
2000-07-02,24.07268395196586,-9.885155049857085,-6.309310093164428,4.110913581894239
2000-07-03,24.689936155273337,-9.042155422798333,-6.617727420776953,4.025297718951274
2000-07-04,23.265263457199087,-7.9841558950697085,-7.4293897757258645,3.9470948215143764
2000-07-05,24.09831779493008,-8.560227022152432,-6.0657703550923,5.158687138624277
2000-07-06,22.845968008704048,-7.786169934221193,-7.224095487891496,6.107256207971634
2000-07-07,23.435129453118527,-7.412759864195718,-7.705658995897242,4.830590916631019
2000-07-08,23.391209831386544,-7.644950855140717,-6.908541476083337,5.023283205789536
2000-07-09,22.98981949924728,-6.826592185697814,-5.183586447814749,4.394288281023998
2000-07-10,22.97065655028528,-6.704486883893749,-4.510988116557511,3.520354111405082
2000-07-11,22.967357790159028,-6.224532190753833,-3.9618302478259873,1.500544821530604
2000-07-12,23.310961652980577,-5.7364618240113066,-4.920984375999318,-0.3961206159382977
2000-07-13,24.317548406864837,-5.591281059005461,-4.978660812857639,-0.861779865666376
2000-07-14,23.86969109868547,-6.554861014936767,-3.415079168275345,-0.5084829077236632
2000-07-15,23.94591068253162,-6.51100677308212,-3.0630102627550833,-1.6540569486074532
2000-07-16,23.85773891676262,-5.80792207564158,-3.294317775899755,-1.2841919637863735
2000-07-17,23.85781708100516,-7.502438781596382,-3.0968727739337694,-0.8323997125216955
2000-07-18,24.1207151723685,-7.652548329441596,-3.9075309110148653,-1.400680134417474
2000-07-19,26.1942475715613,-8.687977321306207,-4.448386630138781,-0.44832139703855756
2000-07-20,26.961236516767023,-10.579553699427404,-4.660661386701849,-1.2971269566422605
2000-07-21,26.77384516477685,-9.715104316560328,-4.908947698204278,-2.471869228325593
2000-07-22,27.89483549517911,-10.615825143890154,-2.789563051061124,-3.1078209031451554
2000-07-23,27.836613236738984,-11.277178893491943,-2.226298253005446,-1.9003810555437322
2000-07-24,26.18454587581258,-11.478480580835148,-2.62353096565438,-2.254423077338137
2000-07-25,25.71585295448197,-10.30370006732683,-2.7110590897917075,-3.2869367892901584
2000-07-26,26.419123018941026,-9.939228032901182,-2.1939442431077074,-3.6831068918002368
2000-07-27,26.360601674630217,-10.954434128503394,-2.9101357908461365,-3.8215737224518067
2000-07-28,25.067225427618588,-10.76599758133012,-3.1079453797026826,-2.852314715540331
2000-07-29,24.719224215555695,-9.207842234536631,-3.0584526750801113,-1.733034514417217
2000-07-30,24.20934930845721,-9.899390891388663,-4.040351657506926,-2.4112469271802968
2000-07-31,22.76786980356072,-11.944679426868724,-5.142435431986243,-2.737468469092171
2000-08-01,21.93838199786985,-11.947722998201275,-7.371463373036674,-2.3468731994287158
2000-08-02,21.356454601219752,-12.559398052525621,-8.650914630173009,-0.5055748759928576
2000-08-03,21.053130252956578,-12.697545890653114,-8.523207673381158,-0.5725969553645137
2000-08-04,21.21743287461646,-12.893959924974602,-9.749249604302852,-1.7259711046687682
2000-08-05,22.18927346661045,-14.812486641128732,-9.817257441703692,0.46328409572171436
2000-08-06,22.274842634969833,-15.792410574108592,-8.834267855098892,-1.7574701485985322
2000-08-07,22.29252449017343,-15.272162545293453,-8.73945544808821,-3.0061655854587412
2000-08-08,21.15998905109884,-14.941982272375926,-8.224001035248735,-2.6229010903278884
2000-08-09,21.025852518010904,-14.767796734267222,-8.308532460893923,-2.118708897034208
2000-08-10,20.44482101492442,-15.306843308276925,-8.526169127579152,-2.310093966522949
2000-08-11,21.80128744945423,-17.869490462528624,-9.375563714377414,-0.8626002150211698
2000-08-12,21.81259179835953,-17.559410643616467,-9.025737788147087,-0.40038351138114925
2000-08-13,23.018642371529065,-17.806114822836918,-9.745078442465946,-0.9341635350076403
2000-08-14,22.107710129990867,-19.150674802690055,-11.085512914858901,-0.6961915273150795
2000-08-15,20.696216684736328,-20.19251407561406,-12.314413987041073,-2.7267062187610485
2000-08-16,22.093313494887525,-19.12144100734294,-11.979397147706232,-3.039336433637219
2000-08-17,22.372564247941483,-19.889041112595944,-12.827869375388598,-1.7279643291090345
2000-08-18,22.089821993581364,-20.291501237902207,-12.929258777405986,-0.26619851882437673
2000-08-19,21.316636514215162,-19.694673971372247,-14.595402796512557,0.848345575023123
2000-08-20,20.490320138021776,-19.71412213684256,-13.646254489802647,1.5984429415817953
2000-08-21,20.369443782326176,-20.25428368763682,-13.377246004731024,1.7168589921529447
2000-08-22,18.742205207711752,-20.162488379306748,-13.7811391708184,1.818954258824038
2000-08-23,20.473377795421595,-20.480423222843882,-13.713936470314934,1.8386570852232709
2000-08-24,19.139327978904713,-20.711126008814436,-14.296953246247487,1.5177554151642545
2000-08-25,17.885841242340174,-22.770884876576112,-14.112968600722294,3.515252631659415
2000-08-26,16.49047865222231,-22.398691812593103,-15.22480154307536,5.395325106249088
2000-08-27,16.048948187126484,-23.117470577951817,-14.416512286660552,4.59819148358936
2000-08-28,16.669066831304935,-24.06368425564459,-14.175456474646191,4.143839529516829
2000-08-29,16.980366599289344,-25.193327676202195,-13.045471540493963,2.4897532472752486
2000-08-30,17.711308785842036,-26.40574519655495,-13.65897992123134,2.984165927001706
2000-08-31,19.123350009234873,-25.146576749230405,-13.895286344248541,2.471903926597392
2000-09-01,20.369378754314763,-26.52930942751821,-14.774704662577639,1.905381923024208
2000-09-02,18.90243920431097,-26.04922065046636,-14.79213682447696,3.0546263093876664
2000-09-03,17.58509505706048,-28.04839753554011,-13.448701318678927,2.5257111302138506
2000-09-04,17.371982310788027,-26.589306825780067,-14.147880660448356,2.7614482492177403
2000-09-05,16.933781455456458,-26.52543292023244,-15.391398657643292,2.0542282450791634
2000-09-06,16.22347318636305,-25.99830332914304,-16.814478175140806,1.0191872249934746
2000-09-07,16.058928446600788,-27.38362815743682,-18.47565553168829,0.24045998459396745
2000-09-08,15.402755384956054,-26.53994176071956,-18.671115702951052,-0.5984426196229392
2000-09-09,16.67121929491965,-25.23691341879032,-18.67615343202138,-0.7663815617539357
2000-09-10,16.28927882561422,-23.902503685185238,-19.184819405929137,0.2712902943356569
2000-09-11,15.537874431479791,-23.233397980636838,-19.87097986950106,-0.8372567101571359
2000-09-12,15.21194331204287,-23.86011450956252,-19.1608435905851,-1.9767414983461693
2000-09-13,15.829296653122437,-24.154089009175543,-19.78056511144354,-0.447052633473803
2000-09-14,15.525294409995627,-22.77910568103563,-20.68907096113749,-0.6475112061518518
2000-09-15,14.602951515918747,-22.52444549317524,-21.945815567491398,-0.9909616041174714
2000-09-16,14.450325077720997,-23.214328378111894,-21.464872108254532,-0.9927282655627624
2000-09-17,13.04848258260304,-23.308173982942304,-20.44578262475136,-0.6201117344264832
2000-09-18,14.306412561160181,-22.88896270204004,-18.885971710455365,-0.967463258241683
2000-09-19,14.09176199759098,-21.77294196679711,-18.70941752417917,-1.3368346834131966
2000-09-20,12.99185258267752,-21.899227340814992,-18.805733714668964,-2.1315243987314343
2000-09-21,13.401651295597567,-21.635501968462435,-20.83259571702638,-2.638778801525268
2000-09-22,11.628348013292326,-22.223678725036134,-22.3614094408616,-2.4239637044565945
2000-09-23,11.535351354907109,-21.20493632733601,-22.35506682233939,-1.522671480804218
2000-09-24,12.315796457910613,-21.95907445433407,-21.549249210447236,-2.0184147149036984
2000-09-25,12.834590055985895,-20.876445742721742,-21.597092892688643,-2.0416949271003833
2000-09-26,14.177963152729518,-19.430564798267014,-22.42767819357851,-2.2880182453432028
2000-09-27,13.571297251765094,-18.31706071127502,-21.306974301466482,-1.483319935374494
2000-09-28,10.924515274596839,-16.077020330636227,-20.644215849692266,-2.519086699902069
2000-09-29,9.42478392869722,-13.936417124491635,-21.751768554463244,-1.2362896429436592
2000-09-30,8.898229151906332,-15.381182204311314,-21.53347559586289,-1.5084585187002868
2000-10-01,10.372753161063498,-16.096143416509562,-21.837834366543994,0.32441711113817306
2000-10-02,11.96518626283518,-17.304982554535812,-21.843045691558437,-0.6054861607800219
2000-10-03,12.249303172292606,-17.604184285967275,-23.106821761154354,-0.43065759999505354
2000-10-04,12.13613586595521,-18.161498944532163,-24.078655680872668,-0.9721754156598059
2000-10-05,12.920813092123542,-17.769124523015133,-23.675837576434944,-1.8385726613417201
2000-10-06,12.630165759721468,-18.63897254439889,-25.284555373196987,-2.4780640286909636
2000-10-07,13.27178433808753,-19.018585869174643,-25.856492488647223,-1.896850227689003
2000-10-08,12.042896629506743,-20.02422096648878,-24.344925290143536,-2.0635576801787554
2000-10-09,12.83710070514336,-22.140981317511773,-24.302598087378218,-2.0291152788262874
2000-10-10,14.237288688137703,-21.12118300498051,-24.146563127563223,-2.44254953259535
2000-10-11,12.406588997864368,-22.149190876555085,-24.153051148474262,-4.563806024062719
2000-10-12,12.049938917933103,-22.613190073034414,-24.795848118262597,-5.125123920603309
2000-10-13,12.670726872087327,-21.777883275811682,-23.455856157292246,-3.516114403324413
2000-10-14,13.764087913960404,-20.562489167857198,-22.858511889594762,-4.70978076570818
2000-10-15,14.397694550319832,-19.92855950230518,-23.554125524935,-3.8858091946767193
2000-10-16,13.887358187931413,-20.77522361632074,-23.674183726405,-3.5902178633039257
2000-10-17,12.865684259226708,-18.942721081242325,-22.707550243455145,-2.7690974025533626
2000-10-18,14.704142554346554,-19.033422271166366,-24.359164011493906,-4.263776674452676
2000-10-19,15.0066178047827,-19.448369371053367,-24.26051565974378,-5.1031331064651475
2000-10-20,14.606795117251995,-18.960686547730138,-23.77468180980192,-4.524645369527844
2000-10-21,14.063469927518337,-17.839158106622452,-22.025463186916546,-3.623331218106397
2000-10-22,13.360566080118529,-17.59567097519322,-20.59458403230844,-4.325698609354945
2000-10-23,12.660160828108003,-17.104759057299773,-22.641958572933518,-5.811215709879565
2000-10-24,11.945085916370598,-17.244462875945384,-22.31616699583249,-5.428582352045254
2000-10-25,11.149508303544586,-19.55097455455688,-21.262082375732238,-6.367018323483924
2000-10-26,11.52501528638943,-20.22628383259138,-21.57172916575161,-7.118320724604563
2000-10-27,11.091071041353384,-20.286347566443165,-21.635176599582827,-5.991889199531778
2000-10-28,9.601468847285487,-21.489084926356426,-22.03363519701307,-6.468912888799078
2000-10-29,8.826055988475137,-21.88350196767006,-22.193241199550723,-4.684888270038841
2000-10-30,8.027840213919385,-22.98853784171047,-23.422084989862856,-3.01173970759222
2000-10-31,6.568516887493119,-22.127119070506172,-24.636954309397943,-2.743271358760995
2000-11-01,5.891499493912266,-20.828954751235162,-25.91982075253278,-4.430889792394863
2000-11-02,6.995145814140563,-22.153052028563074,-26.8344066857787,-4.320592080939478
2000-11-03,6.411324005092863,-21.340337402737838,-25.94271437612073,-4.645968048756382
2000-11-04,4.789694257171371,-20.820970172281505,-24.824197490562117,-3.7807657924790687
2000-11-05,4.577642299892154,-20.929981151927084,-23.520882167540602,-3.3855040945348223
2000-11-06,4.446495230039025,-21.618515670346902,-21.644134670523474,-3.663493244039317
2000-11-07,4.743974602584403,-21.33174458100758,-20.232378762253365,-1.3915332758565384
2000-11-08,4.896718662126136,-20.523213918809546,-21.935969244104996,-1.323522999120864
2000-11-09,4.832866168356891,-20.021915499479437,-20.82181769628062,-1.4865261367581022
2000-11-10,3.2329063959747373,-20.140603063045802,-21.527940478265556,-1.8229472855547877
2000-11-11,4.409630100733147,-19.12297952041921,-20.38766687920204,-3.4129833584557603
2000-11-12,4.491804425845227,-19.685966676733305,-19.35352973025088,-3.450528229781746
2000-11-13,5.118493342220618,-17.796849228682845,-17.669935174347486,-5.351327332259604
2000-11-14,5.390364174089134,-17.76251804796591,-17.33324670740479,-6.63468448559394
2000-11-15,3.131991237320381,-18.12601324300098,-16.94479497964865,-7.594792413813177
2000-11-16,2.641908438845876,-18.560837543824057,-16.203743682935098,-10.413162590333197
2000-11-17,2.4735355384628006,-18.86850009363935,-12.986581199733006,-11.199139245866645
2000-11-18,2.1854936548439103,-19.22148452961752,-13.711518430156957,-10.824211360933624
2000-11-19,0.46717791637497075,-18.98804973481415,-14.482237829474569,-9.86169218643134
2000-11-20,-1.0566305394565438,-19.054707187577776,-14.143832693193662,-10.35667383374137
2000-11-21,0.1651325331213911,-19.759838402176353,-14.470950522393183,-9.210902581413608
2000-11-22,1.2526139370842477,-19.778897983535753,-17.365536566364863,-8.504542467577538
2000-11-23,0.941093737018034,-19.846548593483714,-16.70994788946394,-8.3927769970233
2000-11-24,2.8933512388057934,-19.16221764937241,-16.942026070758335,-7.748074797677465
2000-11-25,3.559638129320497,-19.907596841576634,-18.382656395353866,-8.789389812178396
2000-11-26,3.411484376389292,-20.68697989617602,-18.00290907838478,-9.105398553573677
2000-11-27,2.0821742650289545,-20.694974865568003,-18.52760568157101,-11.207448978868026
2000-11-28,1.9450977281894593,-22.089736567017244,-19.013849416936505,-10.607718020972593
2000-11-29,3.3791648840740627,-23.178550532368835,-19.066022777490407,-10.83935209806064
2000-11-30,4.706756378850152,-23.345338878393548,-17.79560125975087,-12.047617286855155
2000-12-01,5.419686973150257,-22.527561761033517,-17.84642327172341,-10.747832607800516
2000-12-02,5.2227536683289175,-21.61139891476678,-18.629659384356078,-11.575894622647159
2000-12-03,5.664557589528171,-20.942513532906023,-17.75298037087987,-10.402994766726392
2000-12-04,7.678820315181321,-19.789554903182204,-18.96001999554934,-10.168462085454907
2000-12-05,7.862129034575739,-20.473146941521886,-18.824956149810205,-9.302980539984935
2000-12-06,7.59710424104063,-19.570039230051794,-19.295651208547707,-8.811053094494627
2000-12-07,7.946691407357288,-21.288182167040574,-19.562541071393934,-9.113550008326223
2000-12-08,8.136180414203839,-20.79173127907996,-19.020994581297295,-8.756861488435453
2000-12-09,7.942387439748952,-21.231783639340513,-17.80672304613304,-7.492831818168433
2000-12-10,7.4784473391794215,-21.52631448985483,-18.232238624081774,-8.221293998390474
2000-12-11,8.008929336791466,-21.515165025492255,-18.572866963465575,-7.601864695464212
2000-12-12,7.620177745451051,-22.39581617062942,-19.22342255142309,-6.000032209564125
2000-12-13,7.004054657241904,-23.59448547951654,-20.53009231985176,-5.502391329598851
2000-12-14,7.840491834203784,-21.74383241661311,-21.471215475547385,-6.121717073009855
2000-12-15,6.969345453183309,-23.19095484183817,-20.46899646283405,-7.699163701719203
2000-12-16,5.681370238594454,-22.28269117588857,-20.52843251453684,-7.1441315357862445
2000-12-17,5.536909460937042,-23.15436292898904,-19.864244865013937,-6.931922130880083
2000-12-18,5.415713521932351,-22.656601378261136,-20.169465773056874,-7.8696974823148365
2000-12-19,6.255489905802623,-23.677833344950717,-19.43211576951333,-9.310894113167082
2000-12-20,4.80063426932949,-24.967318075709176,-18.670690084502,-11.177146213712385
2000-12-21,5.357623266677293,-26.139005405590034,-17.92432015944488,-11.986303923854194
2000-12-22,4.237632723886065,-26.45536149137694,-16.90527190681614,-13.671762793701351
2000-12-23,5.159108290021902,-26.996549669479368,-16.343490675400915,-13.83809948553365
2000-12-24,6.391604459845826,-26.93003616507421,-16.73281739957312,-15.279519452131083
2000-12-25,5.12232373062097,-26.525417577120795,-17.380771357103498,-16.552944440609863
2000-12-26,4.996397135145694,-28.75269989928316,-17.360244753213397,-15.773597792317467
2000-12-27,7.012352824911592,-28.215004201791462,-18.21805154612729,-15.335491084829215
2000-12-28,7.496571162575708,-28.715410556778686,-16.637194502078206,-16.133241481902445
2000-12-29,9.789121118408621,-29.717809527535398,-15.883952221342634,-16.10970673918904
2000-12-30,7.888481770254572,-30.86877685860718,-17.925337642165427,-15.237453421913456
2000-12-31,7.07770029912147,-32.349188170573875,-16.889406380755297,-14.977607602650579
2001-01-01,5.710190191365847,-31.949156521598216,-17.208775922804826,-14.453123209613565
2001-01-02,6.7587751202416575,-31.314573698622723,-19.063677544513453,-14.41439121446095
2001-01-03,7.501969267199091,-31.553216804731914,-21.1677969583091,-14.179055519604665
2001-01-04,7.280815472581033,-31.367080993983453,-21.901333543034486,-15.151899494479427
2001-01-05,7.818728107536775,-31.302768099360417,-22.556995130429854,-16.05846319492016
2001-01-06,7.989471773358942,-32.513224397185134,-22.891577299436662,-15.254421948216056
2001-01-07,7.446080788713652,-31.881423971694502,-23.432305164226975,-16.20417061664507
2001-01-08,7.399378369283643,-29.756958319313995,-22.52482688933458,-15.00700824612626
2001-01-09,7.840104981016333,-27.75790136485749,-22.29445077262836,-14.620971994432054
2001-01-10,7.597766167771351,-27.20909655295847,-22.190661353407474,-14.000729293984515
2001-01-11,7.326149550152369,-27.465912621137623,-22.164721053992128,-14.801617056324227
2001-01-12,7.326603029445848,-26.091252627990794,-23.19574431591012,-15.920393623060917
2001-01-13,7.169311710069616,-26.294801120406714,-22.524329627998178,-16.80978511459694
2001-01-14,7.1731279374881955,-25.725512646637895,-22.635246860313536,-18.12541075303042
2001-01-15,8.752435125922045,-26.60058629761625,-22.324144810625896,-17.66067723337958
2001-01-16,9.623540483649233,-25.453539961579825,-22.93800861381269,-19.256495054062988
2001-01-17,9.27175206073897,-24.102586987061652,-25.009113620425055,-18.97709640150211
2001-01-18,9.9010012407433,-24.018506344774703,-24.061864527428746,-18.111079336854367
2001-01-19,10.406150622157636,-23.818323270996448,-24.476035800237813,-17.713857655069262
2001-01-20,10.310314796991008,-23.37164853131202,-25.522536870152454,-18.69390994353829
2001-01-21,8.995942049238897,-23.859662324321988,-25.27485573698212,-17.760702559763658
2001-01-22,6.900192157417893,-23.662275766118672,-23.482999402818233,-17.822809722018476
2001-01-23,7.38115746477642,-23.304637488856045,-21.97113125852452,-18.26173125587835
2001-01-24,7.0215273764796375,-22.498653334924697,-22.26496836388025,-20.060066710042204
2001-01-25,6.1486788434432595,-22.0204763774589,-22.281957702571336,-19.373731458617275
2001-01-26,4.653252568742465,-22.73347760717382,-21.85928618903379,-21.314426362603392
2001-01-27,3.741743317988405,-21.72357125124015,-20.95560702286388,-21.855233583589843
2001-01-28,4.726183899555943,-22.110921006435838,-20.29421431798502,-20.59354493195406
2001-01-29,4.883757673890338,-22.496328255145436,-19.736957970800738,-22.265685216984682
2001-01-30,3.583035609529328,-22.733818850923345,-18.957817531694946,-20.506453882671448
2001-01-31,2.172084921656004,-22.413723499934694,-19.46570267268577,-19.127794195169706
2001-02-01,0.618344733110846,-21.448871412675704,-16.92840715385744,-19.800097120356195
2001-02-02,0.03533048080299561,-22.64866835180765,-17.775589138639933,-19.66624575965225
2001-02-03,0.030398340917484373,-22.50905850179409,-17.40837059439189,-19.70499913681372
2001-02-04,-0.7768902084268133,-21.748716562681086,-17.665699258960398,-20.700046101115785
2001-02-05,-1.2014076629176347,-22.08266510717703,-15.916994449662479,-20.393393436612065
2001-02-06,-2.2055049663564574,-21.17512948835912,-14.847835142035095,-20.176987813198846
2001-02-07,-1.9160763859464875,-21.36083422570352,-14.256559564857332,-20.449187437032013
2001-02-08,-2.4751659112307083,-20.824874453526267,-14.76362593765347,-18.785232259143093
2001-02-09,-0.8652931702790343,-19.58842691232735,-12.828457454280082,-18.263377792918313
2001-02-10,-1.7344475071174714,-18.73282839256872,-13.618223287972192,-18.030250421463535
2001-02-11,-1.8822567334056592,-18.773919644081865,-13.823172280599618,-16.894848206371574
2001-02-12,-1.3742034199127633,-17.001492287310562,-13.534062419556221,-16.35802600289622
2001-02-13,0.080798191699476,-17.113803360328912,-13.753372143873618,-16.395579903004087
2001-02-14,-1.0482200224377909,-17.589111585667936,-13.741601887484133,-17.409406941639975
2001-02-15,-2.0110753332115747,-18.88718390732303,-14.681848622781347,-16.342478940134313
2001-02-16,-2.555028926665532,-19.385296399152832,-15.130453148671073,-15.00401781826503
2001-02-17,-2.909950991179421,-21.4007437563534,-15.989060066208518,-14.7053631798462
2001-02-18,-3.4576922283194764,-21.575115120971496,-15.744000552529268,-14.276708262630065
2001-02-19,-2.970467156268363,-21.23044358222278,-16.113628001050294,-11.92024439115172
2001-02-20,-1.853439765903923,-21.359357877523582,-16.43223103531913,-10.437295571697186
2001-02-21,-1.7734959287726864,-21.25144067519569,-17.213453425001067,-7.638882153494467
2001-02-22,-1.340671160387111,-21.911424491952605,-17.735659032700127,-7.764027557970267
2001-02-23,-0.24261702035804733,-19.96091730780221,-17.940185156702963,-7.139736209895871
2001-02-24,0.6197625031003302,-19.91865334471344,-17.110386274382265,-6.567550801792985
2001-02-25,0.9077691452853703,-19.474269007847727,-15.370735927338353,-5.853609091219919
2001-02-26,-0.3393260435331654,-20.19126242650578,-15.046085855577806,-5.39542097632098
2001-02-27,-1.0079851131459316,-20.714354464642334,-15.285676804689242,-4.96003640250978
2001-02-28,-1.7748220296952009,-20.735591011272792,-14.342619705186118,-5.0686180167780135
2001-03-01,-2.752943317669895,-20.51025595065154,-15.63654300486679,-5.794234333298724
2001-03-02,-1.0435396608565461,-18.680438118169917,-14.394601822799013,-4.915914613110349
2001-03-03,0.972873737541389,-19.857739596348388,-14.689919999919566,-5.126249535800035
2001-03-04,1.5358832658199364,-20.338861584448118,-13.913907432069255,-3.717602335485193
2001-03-05,3.259862514254324,-19.450158765996388,-13.82433581536813,-4.607793316535763
2001-03-06,3.8188871044987716,-19.57340127048456,-14.474853792995914,-4.161660260100235
2001-03-07,3.1509278079759864,-19.692895578088503,-13.11532538741188,-6.766946441478454
2001-03-08,4.362546580791472,-18.238730548480678,-13.415269328352348,-7.2011538266380875
2001-03-09,4.637580681557172,-18.146467202876096,-12.829286582113246,-5.424532233200635
2001-03-10,4.960712468271519,-17.70186282666119,-12.57734032071962,-5.393518000402804
2001-03-11,3.226422203409703,-16.516471456076346,-10.972175062103359,-3.6802961106605268
2001-03-12,2.79330326046633,-18.172063507456667,-10.061118401774335,-5.054733424319487
2001-03-13,2.161219568793908,-18.70463389069421,-10.562429216520638,-6.25893241814985
2001-03-14,1.613416065613581,-19.813533841475408,-9.761597441470508,-5.280620216515194
2001-03-15,0.594904042465701,-20.651406533641136,-12.169884775279831,-5.430331993132255
2001-03-16,0.4672644400695587,-22.051552011551916,-12.633490261316464,-7.074611468149836
2001-03-17,-0.516835180246256,-20.36661004317904,-11.289444725027359,-7.5619310032396685
2001-03-18,-3.0616176701294844,-20.427228331594947,-10.555421282498445,-6.988433584707114
2001-03-19,-5.179207985335292,-21.461887565342074,-12.184794766659037,-6.798657300458091
2001-03-20,-4.449405606533065,-22.38360010752667,-11.99479536723586,-7.406706270712183
2001-03-21,-4.003800599809041,-21.08501775320802,-12.1142246171175,-8.736230647436361
2001-03-22,-4.450976886931854,-21.405561096741028,-12.369891951859552,-9.1964026583071
2001-03-23,-4.087082595635284,-20.36223393657357,-12.540962783471139,-9.062563193975222
2001-03-24,-3.8571367798360616,-20.801911766246413,-12.715076879708787,-8.83758878936125
2001-03-25,-5.762155093511288,-21.23871625400454,-15.759202107445548,-9.659584359867985
2001-03-26,-4.961952652542699,-21.4783257305669,-15.321739785173074,-9.666323245880898
2001-03-27,-5.4053274883500695,-22.483430644416913,-16.184140689159456,-7.582807917256859
2001-03-28,-4.4166553819949375,-21.64374735950888,-14.763938405349618,-7.667922088054031
2001-03-29,-5.668922322426724,-22.410791583715145,-14.826601877299115,-7.026915061194363
2001-03-30,-4.717908656538386,-22.043044263385262,-15.432579215119981,-7.693937881691251
2001-03-31,-5.444604662587681,-22.803965096357636,-14.258602040918682,-6.586910211950596
2001-04-01,-5.404801798702723,-22.803472632143162,-15.278417206784418,-7.227352286766929
2001-04-02,-5.772158311881008,-21.397936361287076,-15.42819211121686,-7.581064372761093
2001-04-03,-5.263277259235531,-21.576634639711568,-17.180858666344168,-8.061866992929724
2001-04-04,-3.2966956853203966,-20.96877676831772,-17.881303007825498,-9.683567693880494
2001-04-05,-3.935872525449824,-21.627387841470807,-18.74941635383239,-10.13877951316513
2001-04-06,-3.2631257237255102,-21.399347600266967,-16.84137490013704,-9.687657199914787
2001-04-07,-2.8250236224694802,-21.446548985104783,-17.543244336053423,-9.124914298686315
2001-04-08,-4.916953615693207,-22.548549753904535,-17.121191990698776,-10.248312089395046
2001-04-09,-4.078076894379982,-23.17579533783109,-17.075155346217784,-9.135114108097923
2001-04-10,-5.501881356345755,-22.448232956205366,-18.36747634100974,-9.762823578142287
2001-04-11,-7.027045043554402,-22.94097498137941,-19.24336917050624,-9.325808493189234
2001-04-12,-8.171444511940013,-22.645810591983476,-20.327945162825703,-8.967534813794387
2001-04-13,-7.663620890259462,-23.338734409382162,-22.38555904427914,-7.916221411541295
2001-04-14,-8.751869813807021,-25.292748831483273,-23.313808757351808,-6.561629299966187
2001-04-15,-8.783175619686348,-25.948968122221565,-22.239649872809267,-7.32797016921433
2001-04-16,-7.691011887631561,-26.344005481791758,-22.207003358986363,-7.218397500029062
2001-04-17,-7.367859851163832,-27.363471795255407,-22.713611215399474,-8.542586997987005
2001-04-18,-6.297675955458924,-27.17459567434029,-22.78418572988103,-7.788659611226233
2001-04-19,-5.168758570973317,-27.398466243541638,-21.858015150397513,-6.110062790179475
2001-04-20,-5.581083298895194,-27.628778004697637,-23.775735364888888,-6.360449407364713
2001-04-21,-3.6879015612937724,-26.706180974329037,-24.509317621029354,-6.108919666537136
2001-04-22,-4.747574107717228,-24.885547677188363,-24.415884674654368,-5.861974568126495
2001-04-23,-4.5999095856977155,-24.841726738498533,-23.149683043078277,-5.197827172020819
2001-04-24,-4.636045962829458,-23.53633841663793,-23.833616395199357,-4.991611920263672
2001-04-25,-5.38570989382268,-21.83788081652371,-23.126859556075743,-3.602814911125586
2001-04-26,-5.7121509140005795,-21.32170807328232,-23.249836026854418,-3.1915314311823204
2001-04-27,-4.623041971563687,-21.199725976195456,-23.789553417042956,-0.21431245971399937
2001-04-28,-5.675391153825731,-20.682540006957566,-23.909741030357306,1.5659851057570846
2001-04-29,-6.066495112773088,-22.042803332974966,-23.628734097202415,1.2101521770902122
2001-04-30,-5.428042589243124,-21.959331636075735,-24.161078528788813,2.31691139011743
2001-05-01,-4.0378935518263575,-23.221166500413077,-24.026620140610227,2.8638484350589226
2001-05-02,-4.0179328776444425,-24.334720412452256,-23.367112341080166,2.8086011656217083
2001-05-03,-3.2098194673681824,-24.910434907476798,-21.51890552982208,1.8792658783575282
2001-05-04,-5.326277160667613,-26.481225799841404,-22.784552856934464,0.6680308744751295
2001-05-05,-6.728823612250092,-26.967854386429032,-23.55303453754046,0.161128579128048
2001-05-06,-5.406633830387978,-26.481366894822752,-23.75218515728326,-0.10513179874565354
2001-05-07,-4.123368219828336,-26.630018849049236,-23.162229358094642,-1.9949146051133597
2001-05-08,-3.6515373553112105,-26.099496335810553,-22.966661566754087,-1.9986035123930959
2001-05-09,-5.5883377614997265,-25.39817109945079,-23.696545624321534,-2.4208195578354617
2001-05-10,-6.673552698180434,-23.951844796207585,-23.878239694737765,-0.7506107222664973
2001-05-11,-6.4342669282200955,-24.384114946480942,-23.72735088242985,0.6730780964214924
2001-05-12,-5.722864097447238,-24.86845779432666,-24.825289030302958,1.555351101640388
2001-05-13,-6.057017700692519,-25.58180058978166,-24.927068351898185,0.7506755463974637
2001-05-14,-6.805750418549561,-25.044086962819925,-24.249946688953116,0.6512928528706053
2001-05-15,-9.014473417363138,-25.221976728840932,-25.42041594643695,1.4819189693011152
2001-05-16,-9.83331780436276,-25.20060090483817,-25.799539951160007,2.040574915427197
2001-05-17,-11.501503534468911,-24.10158502793126,-26.028170681883786,2.132844099600557
2001-05-18,-11.212233844249678,-24.804564789399635,-25.723118500320084,2.3709018554850143
2001-05-19,-12.50522671600424,-24.249586739292308,-26.058960936131346,2.454028401764849
2001-05-20,-13.940046332459206,-24.415197030181652,-25.963514645480945,2.3594320128887656
2001-05-21,-14.4386825369708,-22.98349667373251,-24.510628486887054,1.8785479171439092
2001-05-22,-13.48321831850591,-25.29218977810651,-24.667146682540178,2.094978470063626
2001-05-23,-11.940103579036316,-24.83622743497037,-24.915883798479772,0.9366719776029548
2001-05-24,-9.827811724264578,-23.88856820085553,-24.200946087615783,1.580057098617754
2001-05-25,-10.205699214207845,-24.06621510742871,-23.894560736031735,1.4222849897092158
2001-05-26,-10.470556817454161,-23.740759636170996,-24.45597166968536,0.9785026843977244
2001-05-27,-8.948830801545078,-22.714328318171237,-24.105140871969777,-0.5098775667906598
2001-05-28,-8.498080664715431,-23.655172639559876,-21.52168562706943,-1.08169857907391
2001-05-29,-6.832422433620423,-23.512550759685432,-20.886899996473467,-2.3802832655068293
2001-05-30,-6.3736662914065985,-24.118777218924183,-20.996912397076635,-0.5948806620929015
2001-05-31,-6.339695434470341,-23.543628434792673,-22.0809775264292,-0.6885121755865865
2001-06-01,-6.434656138915748,-22.610424404335184,-21.055650635184715,0.9309653045112148
2001-06-02,-5.684512909197208,-23.34043265135495,-21.563823411385506,2.3559913509301316
2001-06-03,-5.316245056686719,-24.74755735826252,-21.12378548643057,3.614396405783367
2001-06-04,-3.9126618169272205,-22.886159957364107,-21.913722556006,4.8584436906561015
2001-06-05,-3.9965340459512735,-22.359270176592883,-21.98209744787781,4.084358863569339
2001-06-06,-3.0092138821056285,-23.119526033867388,-21.223154711987597,4.323183629392251
2001-06-07,-3.6146548537881102,-23.42027934004023,-21.756741487143767,3.548440189521899
2001-06-08,-2.514999135780423,-22.89448428732276,-23.164563727021232,3.0167099282483587
2001-06-09,-2.714191950370061,-23.426880343559436,-23.07253788598652,2.348935015767494
2001-06-10,-0.9669982579775462,-24.048997524665488,-22.100787199857137,3.3915112714283877
2001-06-11,-2.840391332271724,-25.454722335318493,-21.14421358977848,4.419090950818391
2001-06-12,-3.5460621717327454,-26.541451930760374,-21.70412774155948,4.261216603261879
2001-06-13,-3.1562934209535105,-27.290720808843137,-21.669904191572236,3.2241604163559203
2001-06-14,-5.289142926816494,-26.61544835419112,-20.49102576508328,4.335012403818807
2001-06-15,-4.524884719506347,-26.920927613601695,-20.931201439073384,3.144841934348654
2001-06-16,-5.2223330500473235,-25.837797227368743,-20.420105804387326,2.9788172584551833
2001-06-17,-4.117588291417373,-24.978996424541116,-20.005357910884438,2.4538558668947035
2001-06-18,-3.009793600750416,-25.531778590907596,-20.61518759103639,1.9982628554364703
2001-06-19,-3.49124932849379,-23.546041493363266,-19.752266280727103,1.4704493744842146
2001-06-20,-2.3018645297568856,-22.277173848488584,-20.600001639603004,0.9779256539072427
2001-06-21,-1.4899551725172924,-22.22297346137824,-18.95112534645384,-0.20728958702927236
2001-06-22,-1.834808806724182,-22.42645617691414,-19.48971216210417,-0.8348536074517966
2001-06-23,-3.2075693773247647,-23.728883651834266,-21.12452909871287,-0.07998078928054575
2001-06-24,-2.569575806040318,-23.41847711237853,-21.966372955952725,0.8778138870061769
2001-06-25,-2.9108955971365686,-22.81795190125721,-23.136247289702126,2.509402439963352
2001-06-26,-2.385959554301562,-22.85900372859861,-22.27482655707359,2.552480447871844
2001-06-27,-3.720426702105831,-23.32053510451145,-20.835267148176747,2.7466830447484547
2001-06-28,-4.349974194284018,-23.302296707526292,-20.62554904432554,3.2349513683834488
2001-06-29,-5.526120932676312,-24.218011496815482,-19.245320026745127,5.006232488927919
2001-06-30,-4.191577894876577,-23.729077512150685,-19.678517033385656,4.367234902864909
2001-07-01,-5.752758821532215,-23.74563282833275,-19.444653358199133,4.362932508941842
2001-07-02,-4.004939293555937,-22.804066226997115,-21.576720669646114,5.680977180387714
2001-07-03,-2.1070415335906523,-22.648244730643043,-22.045615009686813,5.4717502827062185
2001-07-04,0.44343980332710053,-23.262770283778266,-22.993068336401066,4.517173447846782
2001-07-05,1.4073123095731117,-24.440118625867047,-23.40117883325817,5.132992869031723
2001-07-06,1.242351567387795,-24.66496990736929,-23.08402007073559,3.233304598736801
2001-07-07,1.9413159017974158,-25.887786450410065,-22.636666421286453,4.109344876369378
2001-07-08,3.0933609025029662,-25.39422803855348,-23.266548271819314,5.071804619586577
2001-07-09,4.3502302749479,-24.108016890685928,-22.467044921121442,5.564631709024453
2001-07-10,5.497912535577245,-22.364123798457555,-22.754627545829006,6.9259973319242665
2001-07-11,4.774615432641555,-20.48953556667477,-22.00003451249133,5.48411696815948
2001-07-12,5.377290630899411,-20.128561352984626,-23.74440072048637,6.464082543937088
2001-07-13,3.0780485846260146,-20.031509245072705,-23.56117023874764,5.247609683514747
2001-07-14,3.4834523445381995,-19.18831166809683,-22.65346465390019,4.357592113272787
2001-07-15,4.355831270829873,-18.90368969186313,-22.130111589467408,4.706534647540148
2001-07-16,5.8261177358761245,-18.337985729028638,-23.162099069249233,3.219509768067595
2001-07-17,5.812541673103465,-18.553223054424755,-22.444156155097204,1.7313610204649785
2001-07-18,7.2587577945569475,-17.629108908050053,-22.747414929137374,0.9115643057911581
2001-07-19,8.153265798290192,-16.323607061015856,-23.14544183387742,0.7183144998794357
2001-07-20,6.656190139435234,-17.63648833159116,-23.64060924904748,1.417001999982498
2001-07-21,8.723377711191697,-15.855636529901897,-23.2419192195408,1.2933201765783988
2001-07-22,9.843781845012487,-15.664249898972331,-23.13462650455502,1.8464800957278837
2001-07-23,7.877478718735593,-17.788449343541487,-22.84116456041067,0.8240844123977731
2001-07-24,7.810488125618472,-16.873160619393133,-22.57648292220231,1.218960696593371
2001-07-25,7.309114161407974,-16.2804605100533,-23.996222544889292,3.823707018629102
2001-07-26,8.934392115040596,-16.80394653355846,-23.778648973848213,3.8289149819658954
2001-07-27,8.938608097150066,-16.340385913255194,-24.3420349049492,3.1698272456047287
2001-07-28,9.04616999560388,-15.879626712174101,-25.280299603255372,3.6540746529234567
2001-07-29,8.58940079222719,-16.26661728523387,-25.981563073663054,3.183227953929137
2001-07-30,6.516362335226216,-17.012873638946974,-26.460094954258647,2.7507106496808684
2001-07-31,6.225672880133721,-16.494882300134833,-25.4694270167987,1.592626542682962
2001-08-01,6.095909976444638,-14.941166277663266,-25.0169919897388,1.2672107714023106
2001-08-02,6.172843284995409,-14.53060115666759,-24.191809027143588,0.2872394522073438
2001-08-03,3.98907439853825,-15.29600652361828,-23.040658690104713,0.8613042634228537
2001-08-04,4.840743405981737,-16.794158839675326,-23.200814802079258,0.3005614070583763
2001-08-05,3.5964909664771536,-18.011156568527287,-23.3628019535315,0.4179401094758527
2001-08-06,4.277389214070991,-17.999033229234463,-24.95121252356054,1.5573061242632504
2001-08-07,4.225574185152051,-18.049351361684543,-26.02028867277183,1.2843626946147386
2001-08-08,3.965574555689948,-17.84135581785998,-26.337154881682768,1.002471656686238
2001-08-09,5.240335404183757,-20.3792764046182,-25.77195948468612,1.676073454264033
2001-08-10,4.05929292658043,-19.840918192926853,-25.515285115038537,2.786963594813291
2001-08-11,3.707825528052706,-20.078264380332257,-26.895188594421832,2.198152388599248
2001-08-12,5.0813553448147095,-20.49076610716161,-26.763834778632223,2.1442738688139373
2001-08-13,3.028398001929594,-19.90796671933775,-25.767787057366554,2.6287873045623833
2001-08-14,4.096081667607821,-18.548732147844145,-26.725076682515418,1.3687401750531258
2001-08-15,4.131544215672361,-18.211401402537646,-26.44767086522894,0.8593223197311515
2001-08-16,3.980132866519048,-17.71530336686008,-24.582422558622874,1.0544427598664918
2001-08-17,3.564883703822114,-15.875401951548653,-24.523086041924444,-1.1305934744357544
2001-08-18,4.891926740607371,-16.368017534412115,-24.51398399488939,-2.5427821687138357
2001-08-19,4.914719838684257,-15.03564305285509,-24.11483096664686,-3.0254107534982984
2001-08-20,5.516527548499857,-17.72819907792784,-24.40922871811961,-2.6985854869477945
2001-08-21,4.631269597748069,-17.89361669843604,-22.856079604576603,-2.3157146433591995
2001-08-22,5.510008684081429,-17.840398217554384,-22.548501749424155,-2.597251155946674
2001-08-23,5.94089893100274,-19.307561492544632,-22.703031083462683,-2.294418441581818
2001-08-24,5.097714429667332,-19.48789496581043,-23.077349633546028,-1.3310564115692836
2001-08-25,7.25522548947356,-19.42886759348634,-23.424566886957052,-0.904290066219716
2001-08-26,6.775551483719849,-19.370562928467717,-22.909899122952616,-1.6943532465662023
2001-08-27,5.578283047032181,-18.80359196690392,-25.322617485281565,-2.315530810271664
2001-08-28,4.113922568877508,-20.404363304469353,-25.347109050220617,-2.5269571459639435
2001-08-29,4.650294094109751,-20.317556146782522,-26.037318581649572,-2.7736064605723416
2001-08-30,5.322312890289684,-21.02129481208177,-25.35559154255241,-1.9915581544669285
2001-08-31,3.1073272004869614,-22.915118050461604,-23.47099195219818,-3.3604204384612655
2001-09-01,3.538819641462065,-20.983151080223255,-24.47177946940202,-4.960102354524699
2001-09-02,3.9860267729602445,-17.653357721897386,-23.33827083346705,-5.291769568992039
2001-09-03,3.636574645369226,-18.277049471962577,-23.34407080016226,-7.820906407004852
2001-09-04,4.316635811812731,-17.53802833297922,-23.231935020731097,-8.082775548828883
2001-09-05,3.8503867503311695,-17.441825129138994,-22.803402030953063,-6.9269498976956685
2001-09-06,3.1205193452272955,-18.172703645997345,-23.14912635678203,-6.117481776074568
2001-09-07,3.753172642103641,-18.862820459975545,-23.634272587372358,-6.3048452827401515
2001-09-08,2.616083119316625,-18.281147408518844,-23.711646351603502,-5.923841519549307
2001-09-09,2.462799476995367,-18.64554900344057,-24.198616892788756,-5.460734486935792
2001-09-10,3.1230047392647613,-18.514800991351027,-24.046579786976242,-5.73963120292733
2001-09-11,3.361757123339542,-19.648426189152694,-22.878404926356456,-4.759609360140204
2001-09-12,3.7563701007582786,-20.512619152604906,-23.569010398953722,-4.480004980583628
2001-09-13,3.926557821176752,-21.167220392722843,-23.699036545153938,-3.5456341681078913
2001-09-14,4.987473846757758,-20.709336168703874,-24.293032855269086,-3.094330442610724
2001-09-15,3.9768240664706247,-21.44839338608859,-23.751084682656696,-3.139563417069202
2001-09-16,3.3014695382814034,-21.84634587489387,-25.154483644069455,-2.760066156776402
2001-09-17,4.833140657221815,-22.65643839204462,-27.29183345700669,-2.8865078338274968
2001-09-18,3.5818370206440253,-23.01538016224141,-27.015675096050945,-2.934319686010639
2001-09-19,2.917040158284844,-22.198190540602027,-27.223890301167472,-3.4232601199931283
2001-09-20,3.7691836307015096,-22.494670415100828,-29.421031440483738,-2.1095428353112533
2001-09-21,3.6202487303786572,-22.355277944956132,-29.814864575280808,0.2588842979281951
2001-09-22,3.406953724002403,-22.918343706116815,-30.812235351030008,1.2996455349255827
2001-09-23,0.708620456214831,-23.870709368101448,-29.800570584627717,1.4828808176834278
2001-09-24,2.0383040299253743,-24.000827197711978,-28.665430072176314,1.9948886285054912
2001-09-25,2.7217174767071692,-23.653752580250014,-28.78868598693131,2.749263018136226
2001-09-26,3.733293756974459,-24.84305046136488,-28.84561203201375,2.43768412321607
2001-09-27,4.7361453542003416,-25.72445163244521,-27.039496020710953,3.2166494202210623
2001-09-28,7.22210036050984,-24.37780176981319,-27.836375752364386,2.6121672405531857
2001-09-29,8.483964957869398,-24.593189272197858,-26.680182930947844,2.6522221560226464
2001-09-30,8.323980559558748,-24.635542779696365,-26.535674595425466,2.1166595396969425
2001-10-01,10.479590522708985,-23.737786825064187,-27.58410403049092,1.9468282833535941
2001-10-02,10.778287418470523,-22.711765220560746,-26.64174019708262,2.8122224188630875
2001-10-03,10.051587739103127,-23.331258789228222,-27.273333333725304,3.0678538683809538
2001-10-04,11.138318925688035,-23.944533406381428,-26.978190095085548,2.3508093082884725
2001-10-05,10.268707659674355,-22.919484532588392,-26.41134273493781,1.2326984389773181
2001-10-06,11.271984196061352,-22.296986011077188,-26.77376811761301,2.2697037431672227
2001-10-07,10.029624907695194,-24.071949871821488,-26.423492041433107,1.8602055297233142
2001-10-08,10.89998717949129,-24.506543673058296,-27.65487559899492,1.7586316929327863
2001-10-09,10.39299074599416,-25.1564399271584,-28.03484093588747,1.9769682577818877
2001-10-10,10.958524679786477,-24.026528858959946,-29.380951578896028,1.4294038962246303
2001-10-11,11.207502870466957,-23.321197761764946,-29.35096600249787,1.272167864029806
2001-10-12,10.736187592282196,-22.239942664078935,-28.030109502432694,-0.0668193185711361
2001-10-13,10.323570080877584,-22.159341896516935,-27.671203358304062,-0.26008465861279917
2001-10-14,9.954174316694198,-22.459534872753483,-28.434035825724493,-1.2759256311330136
2001-10-15,10.109499700799924,-20.25986877900583,-28.87560407097952,-3.386507667880421
2001-10-16,10.269072932200531,-20.242834031078324,-28.533612235093845,-4.611749789519785
2001-10-17,9.212600638251072,-19.647091632288237,-27.664112758708978,-4.26136433804542
2001-10-18,7.746730625435875,-20.57017529657536,-27.270464170956412,-5.050341413723936
2001-10-19,6.747915873778651,-21.066635027442114,-27.01216346337371,-5.757463670877482
2001-10-20,6.263670264300153,-21.054458443798037,-25.704772102588034,-7.025059158682146
2001-10-21,6.974666453231538,-20.926306454666744,-26.176435060944705,-8.79082559053329
2001-10-22,7.095072933096082,-21.124443079864694,-25.24149217487891,-8.934447582311968
2001-10-23,6.534519085724598,-22.859012177625658,-26.516446148521208,-9.142681379596386
2001-10-24,6.797277495531573,-23.059181018905797,-25.95870330141962,-9.610382562571516
2001-10-25,7.63188705370553,-23.406883622290664,-26.638002113785888,-9.945590458813083
2001-10-26,8.532321786681358,-22.768831805856113,-26.868261911562517,-9.973824057327935
2001-10-27,7.923761394539603,-21.85128088769323,-27.39753545553939,-9.211466162788982
2001-10-28,8.26087075063289,-21.904173336677253,-26.846776941100856,-8.07642913747982
2001-10-29,7.961903394296023,-22.71944704127572,-27.853804423763986,-8.637192805963393
2001-10-30,9.918531753116302,-22.158176754309817,-27.72528341887267,-8.433314920848375
2001-10-31,9.321551801197165,-22.755399284374594,-27.725416044644966,-8.600692502579479
2001-11-01,9.33410138950178,-24.19307427230708,-26.984468096350252,-9.744344344274927
2001-11-02,9.601658196908296,-23.99032457116423,-26.674577738343647,-9.162014262146801
2001-11-03,9.467366485470917,-23.91821570851021,-25.3177073504379,-10.366309831335721
2001-11-04,11.00911410656795,-23.43970978769888,-24.361301880015336,-11.170667527957551
2001-11-05,9.760809149256557,-23.292960757071928,-24.787235018585537,-11.090315759808897
2001-11-06,9.446449257156372,-22.277390112576068,-24.579891529568457,-12.295342704884366
2001-11-07,10.69575215061676,-23.51264050832558,-24.308348618749612,-12.248669070450214
2001-11-08,11.508814957032161,-23.497828914216182,-24.946721093230313,-13.257876648571587
2001-11-09,11.661180209882703,-24.271256426482594,-24.92425589501888,-12.594718305654895
2001-11-10,10.930003147669023,-23.76051261233028,-24.467750148901832,-14.213373012274037
2001-11-11,13.015470024231087,-24.127496222720982,-24.46387457968744,-12.602712891033626
2001-11-12,14.167120620935801,-24.177338874786198,-23.86741207975135,-12.56437540195953
2001-11-13,13.418822930974644,-24.41292697440197,-21.589977685677695,-11.359963320339954
2001-11-14,13.856335633660333,-23.53812119312292,-21.098736949681665,-11.201641139329087
2001-11-15,13.749032990693353,-23.354768530875383,-20.808484841843008,-9.973236101321296
2001-11-16,13.4129660114034,-23.785967222901476,-19.451027217765564,-8.512995136885227
2001-11-17,12.830987792433833,-21.02322158752349,-20.06330683342538,-9.647197583083303
2001-11-18,13.520710229733048,-21.476186770964723,-21.137596363961425,-11.325340362219364
2001-11-19,11.94648827584715,-24.164953611406382,-21.11391601587034,-10.475114180162201
2001-11-20,11.177928864907004,-25.576502943808965,-21.937714281992587,-10.99271673314666
2001-11-21,11.861820513369882,-25.801592688452505,-21.81635814267298,-12.853346180580358
2001-11-22,11.262363325926493,-26.49185216534239,-21.009455316828532,-12.29538344498623
2001-11-23,9.779786442326172,-25.75533252127267,-21.381666717205427,-11.863117436380412
2001-11-24,8.012511407542494,-25.143670059138206,-21.801905232106776,-11.48078372316481
2001-11-25,6.686045773599723,-27.76826758732301,-21.74548075101728,-11.609084853859036
2001-11-26,8.727536987898148,-29.779121985220343,-23.38609186885038,-10.81269163697611
2001-11-27,6.931904014759623,-31.508601854265812,-22.07323870998443,-11.339428170757056
2001-11-28,5.919063830255466,-30.760462383335707,-21.614171552998762,-11.251519108584255
2001-11-29,5.551651405895539,-30.045467928476178,-20.027406614324907,-11.80073327785748
2001-11-30,3.4697628255976394,-30.467647173817216,-20.166174748800653,-14.657108480343853
2001-12-01,3.8124008831551164,-29.88302425315902,-20.76432504434575,-16.47355967817269
2001-12-02,2.5810748062229933,-30.906899168335503,-21.54728628690629,-16.934793841548053
2001-12-03,2.1179999568714907,-30.609116940182357,-22.170077252849367,-16.716783545405494
2001-12-04,0.43170382484756376,-30.142555559258305,-24.036189884870407,-16.860402805663746
2001-12-05,0.7156870312810104,-30.732499158149576,-24.210094623132804,-16.179231851499445
2001-12-06,1.2687324167124239,-30.309807936090277,-24.016282597768544,-14.472460265727424
2001-12-07,1.1918971654037933,-30.519283823383706,-25.103047077436024,-13.950039712072321
2001-12-08,1.228337038158927,-30.733085988388783,-26.30433239496998,-16.322856324637836
2001-12-09,1.9755974743003697,-31.887146676854304,-26.135415489711196,-14.935400009001924
2001-12-10,2.149798935592849,-32.72864577684548,-26.512370920880006,-14.690344041751509
2001-12-11,3.159281746300523,-33.94321410382156,-26.837254371215366,-13.838524613718496
2001-12-12,3.152126934995194,-32.452289685768484,-26.818345889396173,-13.737537159880427
2001-12-13,1.9746812560309495,-31.48576585866602,-26.700709570579104,-14.137147357693204
2001-12-14,0.07243676902936036,-30.42024647799243,-27.240731773477584,-15.022749310950383
2001-12-15,0.9308752518114138,-31.10920462546573,-29.0664672827226,-14.823387960924322
2001-12-16,0.285443604479377,-31.582924192446626,-29.328091593101647,-14.974838837929488
2001-12-17,-1.5709504837127586,-32.21124890255737,-29.755707371484238,-14.102399105029082
2001-12-18,-1.5772530829822538,-32.859045888904156,-28.79731151774888,-14.918999301278475
2001-12-19,0.46861399960086825,-31.022413039330687,-29.16452238144196,-15.484653698377189
2001-12-20,-0.02122259155088091,-29.134128898423317,-27.884078444331635,-16.684651468823557
2001-12-21,-1.4133555478286328,-28.624617006074203,-27.498932985499973,-15.812491157800098
2001-12-22,-2.665849190997444,-27.669026496300514,-26.480652870801077,-18.107144401381557
2001-12-23,-2.03092459104233,-27.27799487327031,-26.262215874569858,-17.536038168183552
2001-12-24,-1.6904742881927783,-28.425989181818494,-26.66623386786899,-17.5644216267579
2001-12-25,-1.5056363769382675,-28.50275735627436,-25.471323048482386,-17.838933670706727
2001-12-26,0.9856067442130991,-28.22822514976908,-25.465663936758997,-17.517273759779215
2001-12-27,1.6308990976125952,-26.974689150386254,-26.73488700937652,-18.212138647849763
2001-12-28,2.8249111937604443,-27.59878380960405,-26.384945869435203,-18.908811351210264
2001-12-29,2.540715873871848,-26.706714986249466,-25.711298260517815,-20.003459341181028
2001-12-30,1.5778018120035737,-26.404382350842127,-25.253554275518468,-20.037321084851772
2001-12-31,4.471846788983479,-26.82312078064829,-25.23058637064912,-20.252115601189566
2002-01-01,2.101723113525104,-26.287646878087454,-25.614050421076914,-20.84914413797141
2002-01-02,1.8196314964524982,-27.32350944429554,-25.834009052167932,-21.37345421382661
2002-01-03,1.240928228689895,-27.285373299453383,-24.961800186958406,-20.424517071470813
2002-01-04,1.9208751335180265,-27.0160797583282,-25.955811876567665,-19.19463743133989
2002-01-05,2.0871857248916132,-28.151652272964164,-27.87436052182977,-19.708712423635493
2002-01-06,-0.6551309366447802,-28.099739590174142,-28.313322674862448,-20.36316952481892
2002-01-07,-1.1905228676002353,-27.82526737403485,-28.089484941790282,-19.78600986755101
2002-01-08,-2.8798356316006477,-26.623231731412908,-27.253467837017094,-20.11154307003239
2002-01-09,-3.998404211775751,-26.446414269184896,-27.85649529028858,-20.90482979228021
2002-01-10,-2.8493361846017216,-27.582206956556515,-28.206659252530283,-19.985260562312785
2002-01-11,-3.4944102803385753,-26.438442131262427,-26.53271597827693,-19.773328733119993
2002-01-12,-3.8564254778739357,-25.804236508274286,-26.14327320627893,-21.206729113111663
2002-01-13,-3.2447756478301737,-24.917679226669875,-26.128523129079518,-21.018058470530303
2002-01-14,-3.360572050430935,-24.62951012316991,-25.161171021478456,-21.57846607588195
2002-01-15,-2.6614691613980312,-26.124970323875328,-24.67582409943142,-20.181926419818602
2002-01-16,-1.7412000213665872,-26.086370482978154,-25.59081623201352,-20.141516872285322
2002-01-17,-3.016647002193978,-25.123937950829934,-25.590217024380582,-19.520991797908998
2002-01-18,-3.820687642361107,-24.077035855519078,-25.511686771029353,-19.593579296291626
2002-01-19,-3.716617726236029,-25.24035958198647,-24.059184507781307,-18.85352001123765
2002-01-20,-2.8439726090882513,-24.042408054484348,-24.559904286723718,-19.90345686159203
2002-01-21,-3.6143418638170672,-23.269642594420542,-23.625239666025397,-20.42275888995152
2002-01-22,-2.36822808286285,-23.76473411923897,-23.46882019735398,-20.811795686241794
2002-01-23,-1.7794122617653492,-22.851729095339913,-23.873385472399644,-19.39763688428349
2002-01-24,-0.8422555058482268,-24.378559019597223,-24.752902447324264,-21.64148349209829
2002-01-25,-0.04836048093368972,-22.63742177448737,-25.08578800773511,-22.121934518755356
2002-01-26,-0.6521807969556818,-22.603324540792375,-26.900884560661055,-21.04168362542563
2002-01-27,1.4143029616477478,-22.924199923189914,-25.836864775914023,-21.48714989153314
2002-01-28,0.4126826068279008,-24.57977418246244,-25.728926052868967,-22.114048282250906
2002-01-29,1.128700915268272,-24.133565433883287,-24.294667546123684,-22.118680472351432
2002-01-30,1.8334219388722321,-24.482958253289777,-25.536154305787804,-25.18982004503437
2002-01-31,0.8294072584470917,-24.541967105771366,-25.78119548047399,-23.11388089962714
2002-02-01,0.5687357841988601,-21.460818003304972,-26.17348422771706,-24.917783496091943
2002-02-02,1.2409931763726298,-21.74653724097267,-25.61853013871666,-24.687756400140216
2002-02-03,1.027882809014825,-22.290271716414512,-25.425207618172536,-23.34915372898963
2002-02-04,1.9722797270216197,-21.968061979715024,-25.292586597332274,-23.877342933673724
2002-02-05,3.0295291559633024,-21.073536584929094,-24.8760130994352,-21.520797302792708
2002-02-06,1.944717193355721,-21.38845099449654,-24.536596313869747,-20.87232005419554
2002-02-07,3.59101564702467,-21.859969664898426,-24.29527991991036,-21.10951173334532
2002-02-08,1.9354544662182622,-22.31681009696297,-24.046267671755416,-18.49041378059328
2002-02-09,0.9122193909260066,-23.975203859882132,-25.459599732794196,-17.988381552227384
2002-02-10,1.2769128534675929,-23.36796375619717,-25.94402947906217,-19.231572516376243
2002-02-11,-0.29157090219686954,-22.82924463734107,-24.9564858826063,-19.45192325920495
2002-02-12,0.43287372332897955,-23.85583505669829,-24.123623375634356,-19.829173195274056
2002-02-13,0.8582972054888165,-22.95540231482736,-26.380815086359014,-19.82750546334457
2002-02-14,0.11969456602999007,-21.87863650748299,-26.773879023294104,-18.889588105746437
2002-02-15,0.3080253104075067,-21.481722467591265,-27.424154822869664,-16.558881371444052
2002-02-16,0.8150362474326011,-21.13278551418564,-27.355590032630097,-15.930910758204156
2002-02-17,1.3849906170057684,-20.69631796165806,-27.452703297511338,-15.728700930446664
2002-02-18,1.5352004563204142,-20.766468764547007,-26.137018262655285,-15.598864028957601
2002-02-19,1.5783737609150321,-20.76001144490025,-25.444236537203345,-13.924533565767812
2002-02-20,2.738871233796581,-21.932720764555533,-25.437236451137938,-14.811740351632286
2002-02-21,2.58074867536204,-21.257083172409857,-28.024684264122502,-12.474664124025992
2002-02-22,2.9310444627740417,-21.541764476989908,-28.251235109066105,-14.035177794464262
2002-02-23,5.751739429571229,-22.61257433735237,-29.25368076318799,-15.192912103652283
2002-02-24,7.44811572109712,-22.49914631716175,-28.767890291953357,-13.740258187133273
2002-02-25,9.218032399143592,-22.7286345111411,-30.35781208642729,-12.6910486916884
2002-02-26,9.685093664800657,-22.240238609385212,-31.27775270024316,-11.520534395846
2002-02-27,10.488966424745945,-22.438575449193063,-32.425778684992,-12.285499225096892
2002-02-28,10.429856643514983,-22.746030134539463,-31.556765088202287,-13.887922623945464
2002-03-01,11.142156522363027,-22.813425794819658,-30.91901473199366,-16.15185758065976
2002-03-02,11.385292729477888,-23.932142491389634,-32.11092111833322,-17.69595566299261
2002-03-03,12.508227448988007,-25.16155851869839,-31.833827273507108,-16.67102283570912
2002-03-04,11.147303866133377,-26.8923502505416,-33.22640120959217,-18.050117637997968
2002-03-05,10.782672515911859,-24.39943593627596,-33.133182137661386,-17.928515657275938
2002-03-06,9.798820650005759,-24.510709814357945,-33.94025364020495,-16.70630351347766
2002-03-07,10.137174624683126,-23.387899483228097,-34.467753254621954,-16.48615788752132
2002-03-08,10.002003994604316,-23.84034568826576,-33.70339267168744,-16.972662759995405
2002-03-09,10.545360654915557,-23.164535920885434,-33.38105026567156,-16.640030373546733
2002-03-10,9.485531712017387,-23.78097314239767,-33.792376823035546,-17.450693118280366
2002-03-11,10.04564258335627,-25.211214347566457,-33.96631418213021,-16.582814381182786
2002-03-12,9.48846093708589,-28.07517704289738,-35.27047335868894,-14.655601807492019
2002-03-13,8.27423449295097,-28.861143366266763,-35.26116977336842,-14.223565852554948
2002-03-14,8.304924338828945,-27.446189434154345,-36.68578434452712,-15.53937839506241
2002-03-15,8.304041772554472,-26.911886427509177,-38.0143632089893,-15.657947354916823
2002-03-16,8.892667622325218,-26.539241319121235,-37.40537626302736,-15.25737384694601
2002-03-17,10.961113197125623,-25.712499541709594,-37.0000223289232,-16.27426161491531
2002-03-18,10.827170777515924,-25.536504278080038,-39.456370402396914,-18.680501966296404
2002-03-19,10.128903529652316,-26.522879500196424,-40.23277702154722,-19.40395628051661
2002-03-20,10.035253435304359,-25.141860379431687,-41.26617499865607,-19.74670947188369
2002-03-21,10.484945304573323,-25.711828128940187,-40.770767363894876,-18.763093531977614
2002-03-22,8.829445784289208,-24.656459495174026,-38.45681086695186,-18.77467460105257
2002-03-23,8.653258971806014,-25.487153840057914,-39.38838602277291,-19.81418496630426
2002-03-24,8.013961840811751,-25.032694206236883,-39.86600979837364,-21.194312391342876
2002-03-25,6.422722792820277,-25.118292552423096,-40.67959197870636,-21.751760512534943
2002-03-26,5.3941582939293236,-25.142096227090242,-40.43354162366695,-21.978612682599554
2002-03-27,4.984468305678984,-24.881560294272216,-39.66177255203769,-22.429693073687538
2002-03-28,7.548293513752227,-24.27387509690029,-41.84455143651062,-22.305751649849984
2002-03-29,5.464347742083959,-23.72237483696522,-41.33755150234576,-22.310291284015626
2002-03-30,6.224459375883419,-24.39311777129493,-41.963008952713004,-21.90702660618583
2002-03-31,6.3987495463363615,-24.261552005433728,-41.49235612118229,-21.330981948794676
2002-04-01,3.7672366913953104,-22.917982837344322,-42.805190062862806,-23.034722930619807
2002-04-02,3.3030023223302885,-24.604677792239666,-43.24965924941917,-21.09121936639428
2002-04-03,3.3095476120373326,-24.36963894307415,-42.55985975575067,-21.530148352398328
2002-04-04,1.9616969922558105,-24.37780505127002,-42.84862203247397,-21.384146819734454
2002-04-05,3.109736318286945,-24.858289724392936,-42.5467501766062,-20.276862385466664
2002-04-06,3.4459517446662056,-24.749842471171934,-43.55346678586765,-20.1144004446151
2002-04-07,4.054488399456127,-25.13034414169945,-43.269691021305505,-19.312498806096972
2002-04-08,2.6485273466498387,-25.640446707699247,-42.23497176676423,-20.282513350873813
2002-04-09,2.6620390902286553,-25.434459904745424,-43.26952170363979,-19.765549828989858
2002-04-10,2.863037180188287,-27.329449309430856,-44.74353192068539,-20.793944049975014
2002-04-11,4.097558097552939,-27.90938628331645,-44.37266078012121,-20.697886106890095
2002-04-12,5.947294071472584,-27.59857723175466,-43.58009344952313,-21.821522380925817
2002-04-13,5.958867158593838,-27.31075239448217,-43.00069916412301,-21.501863506065064
2002-04-14,6.288633349130495,-28.63262760081994,-43.239888305164975,-21.32782787602487
2002-04-15,6.644908240590864,-28.524571225204856,-44.535502160692985,-21.940135398244102
2002-04-16,6.849560873194884,-30.086624168142023,-45.159494087032265,-22.60690463983639
2002-04-17,8.071869155921632,-29.79310746716787,-44.49108920252137,-22.594893186833406
2002-04-18,7.8597656769811275,-29.155933757813575,-44.76911031618511,-22.671778749848592
2002-04-19,10.150457613479986,-30.979490720530652,-44.2572721509045,-22.204276723838735
2002-04-20,10.16556703612875,-32.75216548268577,-43.88941407650711,-22.529528659514384
2002-04-21,9.9344237171296,-33.450701321598636,-42.689475769676996,-23.315948849325977
2002-04-22,10.124617057551628,-32.826908422720315,-41.921680037321174,-23.65905328597942
2002-04-23,9.60383014830399,-33.24348035845242,-41.12573994840957,-23.21749203558057
2002-04-24,9.671092402305954,-33.196823881684566,-41.050786196392096,-21.763827623823687
2002-04-25,10.612113211960255,-34.04468547516937,-40.79598657693091,-21.02035430632653
2002-04-26,10.764754756464018,-33.940087007036276,-41.62868012181059,-19.603532950572724
2002-04-27,10.500625032353508,-33.793445067059174,-41.92097629151044,-20.267894093027188
2002-04-28,10.920404285662826,-33.80408231015968,-42.349748977238725,-20.95828381589842
2002-04-29,10.58941365616021,-35.08106438837562,-41.41059193916986,-21.328567111951024
2002-04-30,11.18214201580108,-34.134168422566454,-40.91807890691824,-22.279232937253973
2002-05-01,11.943690925055346,-35.59470547467475,-39.84826247052272,-23.321697938780368
2002-05-02,11.437390975523096,-36.02019384950571,-40.97282747391869,-24.242493721607502
2002-05-03,8.21839624305986,-36.79915051234183,-39.96769616977789,-25.605190415801466
2002-05-04,6.7704171228493575,-35.155639442909845,-38.569215061798154,-25.9004224018128
2002-05-05,7.4638557007571436,-34.39004331360346,-39.389646321509225,-26.264860408313215
2002-05-06,7.039327564715614,-35.433739190184085,-39.62394986168379,-26.57362261687737
2002-05-07,7.5579674200376274,-37.54976696695021,-39.833442410640075,-26.493000744537895
2002-05-08,7.584478565811913,-36.6418137592419,-40.080580789487705,-25.284937841344483
2002-05-09,7.660591039736664,-36.4733060485267,-38.608776823547,-23.78017083498906
2002-05-10,7.196253683885967,-36.361203383713836,-38.77331352809996,-23.310610198376448
2002-05-11,7.15795364975632,-34.72337925042607,-37.62531833567517,-22.687298151382723
2002-05-12,7.571801447609476,-34.35726612757624,-37.828575619901095,-23.82027558892223
2002-05-13,5.430893838912619,-35.581205864362026,-36.713668031213565,-23.13116318863989
2002-05-14,8.089635717291198,-34.666999789935666,-37.46701303832452,-23.071848288147002
2002-05-15,6.328777007311755,-35.52275970336968,-37.28842087915596,-24.15872388030487
2002-05-16,6.975198112838279,-35.83868460495668,-37.66655100637812,-23.159742791372782
2002-05-17,6.985320174293013,-36.245805895147065,-38.54814075541854,-24.773324619307598
2002-05-18,6.446463905871893,-36.41015611823593,-38.39083622392453,-25.467497610818505
2002-05-19,5.8505473315656715,-36.89817192351501,-38.15385540997758,-24.353960657761633
2002-05-20,5.718888755851659,-35.98456287858284,-36.770009279053816,-24.10369874918632
2002-05-21,7.315952501822554,-35.108308742481185,-36.809821227355854,-24.91932987100376
2002-05-22,8.88978660416956,-34.841305121872885,-35.86606352444066,-24.629123099975615
2002-05-23,9.558475022074601,-33.02495923884997,-36.777878699462285,-25.320399363027423
2002-05-24,9.52883933576257,-33.30645596477239,-37.154724946630424,-24.992183609083963
2002-05-25,9.266665308241786,-32.27651981116652,-35.52072561504424,-25.21739907141437
2002-05-26,10.078838565722428,-31.429317612330973,-34.95600975617383,-27.210299510747593
2002-05-27,10.201685109229707,-30.95840240545082,-35.15366903530559,-26.943450956800675
2002-05-28,8.705055142772785,-31.548401726245118,-36.288380595111356,-25.58905713244208
2002-05-29,9.531367328469987,-31.017061616242895,-34.971690884840214,-24.83365829513047
2002-05-30,9.826997809884942,-32.84204771686167,-33.58467421331464,-25.928923744501237
2002-05-31,9.946537824136275,-32.095885525213845,-34.83054946611325,-27.749821578794545
2002-06-01,10.899343928843107,-34.0268512178203,-34.47062369024966,-29.82562415140009
2002-06-02,10.97898717144398,-33.804959767133425,-34.30464905595032,-31.331113975424405
2002-06-03,10.351209378215032,-33.2336404014184,-33.74786631068638,-32.47920945871894
2002-06-04,10.716581011857677,-35.889924595257604,-32.19976544585098,-31.903500096499744
2002-06-05,10.086967089326468,-34.27681825509049,-31.800910389394637,-29.6864694176383
2002-06-06,10.19016225313731,-33.759636251254875,-31.63931724270698,-30.71906417171351
2002-06-07,9.70966026619548,-32.73127711721307,-32.341779110707265,-30.195446695902394
2002-06-08,9.34690178560271,-34.97109848259309,-32.42118887500194,-30.284574477157836
2002-06-09,10.96037637871867,-34.9406816767029,-34.82951389378322,-30.063700823346537
2002-06-10,10.610971026485123,-35.136034460413555,-36.41247125478888,-31.560570361097373
2002-06-11,9.266647710068064,-36.78496913939619,-36.08608853065432,-30.57397498332276
2002-06-12,11.287297805241362,-37.51238894172299,-36.195195826107884,-30.874165402235906
2002-06-13,10.102570995691424,-38.236356854038334,-35.45181122827561,-30.38706044415398
2002-06-14,8.086148203227548,-37.42882203317721,-34.77298198203415,-29.790794922925453
2002-06-15,7.514240076493081,-36.815161682638504,-34.27647524577814,-29.687941278289827
2002-06-16,8.98832279945394,-35.883288265088616,-33.642490695149654,-28.912675681777742
2002-06-17,9.737026817371133,-36.60581350671975,-33.554856206233836,-28.932620730892715
2002-06-18,10.471834698956267,-37.38038884730351,-33.369632414385656,-29.70197681167579
2002-06-19,8.977443017212686,-38.43487704431595,-34.213019768897524,-33.26727949775676
2002-06-20,7.647232254733916,-38.511003643662185,-35.58070837740595,-34.21880663474179
2002-06-21,6.339639577611811,-40.474163758941565,-34.56530432142706,-33.82231046628917
2002-06-22,6.630698346740391,-39.61549252478708,-33.41514193854091,-35.24849594199206
2002-06-23,6.265321084002286,-40.54302713459223,-33.603294316667885,-35.91123256922497
2002-06-24,7.187188827565194,-40.842478335513974,-33.89273390563777,-35.33773187083166
2002-06-25,7.051632358318617,-41.34012753266159,-34.529356973953675,-37.09060601661595
2002-06-26,8.142984712897455,-42.64032281893574,-34.08898703347953,-37.23044542156374
2002-06-27,9.676799194737939,-43.49990110367192,-33.54679387019614,-39.38943737295127
2002-06-28,11.578355413944063,-44.70779293845439,-34.62896822896355,-41.24155089122686
2002-06-29,11.319101346091243,-46.12787565474956,-32.876787115593345,-43.511597847160694
2002-06-30,10.97299244349571,-46.08009596329023,-32.86761525620168,-42.59012904051006
2002-07-01,10.670898417405375,-45.5784874322184,-32.99998507035104,-42.94336738717714
2002-07-02,10.767378123460139,-46.48971601467676,-32.11062328599626,-42.170316674955956
2002-07-03,11.462677262078595,-46.85487296203051,-32.36381378702625,-42.533528144062245
2002-07-04,10.4816519237847,-46.55142088230148,-32.32199982529276,-40.818398501483735
2002-07-05,10.2651817630439,-46.353726466486,-32.56609253382769,-40.917079806648886
2002-07-06,8.706248156926291,-47.503985828409924,-32.16089467487905,-41.47647377172846
2002-07-07,7.789315024988285,-45.11681644109593,-30.792223781613956,-42.78295083980008
2002-07-08,8.714475830295504,-44.70648492224947,-30.344841802234324,-43.21164970431409
2002-07-09,8.733619176238976,-45.19315559137509,-31.20997802732104,-42.4895458851563
2002-07-10,8.084763323224614,-45.4575960539482,-33.59389580080521,-42.25471924511239
2002-07-11,9.001811115502232,-46.29047854260291,-33.33464026846912,-44.18508495207068
2002-07-12,9.428556361860403,-46.40421993237215,-34.66741215533645,-45.722190802257536
2002-07-13,8.205058395720911,-45.261706660456284,-33.417665536867915,-45.99939911919551
2002-07-14,9.278367848425617,-46.555410618153225,-32.63135232181133,-44.32181447571408
2002-07-15,9.653459628469939,-45.4753314095115,-33.79247899622533,-44.896637821871245
2002-07-16,10.138474019247376,-46.02407204038372,-34.59806067533584,-43.36360839617682
2002-07-17,9.725414808976208,-46.879165011116086,-32.99998586745733,-43.37000409413776
2002-07-18,8.84714979248548,-45.79591027989418,-34.99429276295446,-45.06061853921865
2002-07-19,9.026186802937856,-47.684269412367,-32.70399297703087,-45.35106828698097
2002-07-20,10.321003561017433,-45.15808773326641,-33.29449801444281,-46.4473622981413
2002-07-21,9.470995011519305,-46.643658355623636,-33.2166259278033,-45.328667341299216
2002-07-22,10.183542751979235,-47.175875535392244,-34.187922812124306,-43.064693945980466
2002-07-23,9.930550240062091,-46.235663847893605,-35.196205168260995,-41.17849037267379
2002-07-24,9.319593385989995,-47.828437536816494,-35.89035615522014,-39.97092374369967
2002-07-25,9.321449513606138,-48.56648832098124,-35.01764624129259,-38.82124160879669
2002-07-26,8.963805882663596,-49.05701613334738,-36.43978080373013,-38.784924527795425
2002-07-27,7.867665764745633,-47.68409181593694,-37.0784406715538,-39.32086794278799
2002-07-28,8.949148443449484,-47.374897664612845,-35.951792409156,-38.55738517513129
2002-07-29,9.63677461017368,-47.424907046907,-37.134933565856116,-39.65001476895998
2002-07-30,10.544711603211748,-46.75066121456919,-39.435269619612065,-38.59762476844412
2002-07-31,11.096736467986176,-46.50670833903174,-38.941256025619154,-38.31108378039419
2002-08-01,11.574190160905678,-47.383233041269044,-39.44515899333067,-39.1146916110936
2002-08-02,11.750651426925234,-47.55172860037077,-38.48823310465253,-38.77396894249145
2002-08-03,11.988754481114434,-47.101451329355065,-39.651578480532265,-38.78824260306896
2002-08-04,11.622282343695666,-48.07172981963038,-39.01801021554917,-39.386836242873194
2002-08-05,12.476691858801226,-46.82335785610422,-39.799704479969556,-38.0052060454189
2002-08-06,12.958031913808243,-46.91909624649737,-40.046953949703834,-36.75011014804863
2002-08-07,11.246933860898183,-48.52276756644716,-39.27650871572913,-37.06859864274862
2002-08-08,10.899758209606828,-50.465590142467356,-39.62248137232013,-39.14514602024237
2002-08-09,12.532405857058201,-50.43121015362763,-39.708875270745345,-38.05850294833062
2002-08-10,13.14546757814898,-49.493640830632074,-38.7190329635549,-37.55096194603951
2002-08-11,13.898761748495007,-49.84228846283525,-39.53369204085566,-36.602369688013496
2002-08-12,15.051088372365601,-49.33022001062516,-39.056032783082514,-36.83454358955742
2002-08-13,16.737532391072254,-49.50755107594669,-39.459078843855174,-39.0268693805291
2002-08-14,17.637189008836366,-49.41927132784948,-39.549795487781516,-38.85756087618161
2002-08-15,18.052447968523158,-48.86517701627503,-40.08285302218033,-39.641661289860906
2002-08-16,17.808081347420277,-48.35423661608725,-38.87548871213216,-38.92589339354589
2002-08-17,18.940558577962236,-47.43347673345593,-39.86038480063477,-39.2062203108518
2002-08-18,17.71860316308595,-48.06232724378574,-39.11669099224822,-38.58783215773852
2002-08-19,16.92674227594286,-46.43542690930445,-39.47948099188548,-37.55193319611219
2002-08-20,16.916727922850388,-46.48515201432691,-38.03914975986938,-36.75727328867702
2002-08-21,18.200561659664032,-46.34198950558657,-38.4623673137856,-37.07499860857338
2002-08-22,18.617222039661165,-48.20278721000819,-37.19958987869554,-37.58095102136799
2002-08-23,16.239875765374443,-48.35688487735157,-37.140275699046235,-36.27350989604922
2002-08-24,17.16459553834842,-47.87683113452488,-36.61953449277235,-37.671904106831214
2002-08-25,15.856538642653558,-45.790696923876496,-35.10454850901549,-38.22626033196587
2002-08-26,17.551796378641715,-46.49434833214329,-36.757961161133956,-37.23747145510639
2002-08-27,18.613716513556533,-47.784293987035554,-38.2457041894976,-37.378983185924604
2002-08-28,18.96708002403325,-46.84395663086462,-37.94654331732432,-35.73405486648537
2002-08-29,20.705929593103054,-46.546437162318625,-37.54501053605254,-36.64198187597721
2002-08-30,20.304118117287157,-47.050530094223404,-35.94151298100226,-36.90588948052367
2002-08-31,20.64787623802282,-47.74100007633974,-35.39162840610858,-36.319761524610335
2002-09-01,21.594577356474804,-48.63471917230679,-36.97490595912114,-36.430786972157634
2002-09-02,22.27955883252844,-49.82191257610667,-36.03141659193933,-36.14642501820954
2002-09-03,24.027759028833568,-49.343572598345986,-37.55118170908632,-35.604625304031025
2002-09-04,23.793651591577603,-49.806062108211364,-37.66718478816978,-36.261314588523476
2002-09-05,24.754981788681338,-49.03018717105281,-36.677929429490774,-36.11363350498176
2002-09-06,24.339206581622452,-48.36860557688919,-38.85310512244127,-37.22249636479994
2002-09-07,25.35651528345655,-47.04639353828687,-38.39698389443639,-37.162415552765374
2002-09-08,24.87413085953905,-46.50831074429368,-38.84857505412453,-35.57851449171217
2002-09-09,24.702210571806805,-47.3918547803885,-37.76144710787008,-35.25611158393795
2002-09-10,25.037212361951703,-47.89797388013677,-37.77766064665787,-36.123463297885145
2002-09-11,23.561093502445758,-48.34234356540409,-39.83776910961687,-36.111952321748056
2002-09-12,23.332512358491027,-47.23187544201076,-40.55070210074854,-37.323567667737514
2002-09-13,23.211470570004757,-46.601734438865,-40.15336991173995,-37.213887370590584
2002-09-14,23.6647724179918,-44.29111136525046,-40.56878749785988,-36.46626312930087
2002-09-15,24.29928079690039,-43.52660862565647,-40.86107180530086,-37.7876572962916
2002-09-16,25.11483774855518,-42.78688766276886,-40.71984010002465,-37.536376884145355
2002-09-17,25.449125978714733,-44.329216728936636,-38.363304822846445,-36.10661819670453
2002-09-18,24.64019207814328,-44.755458677706784,-37.34275522091752,-35.67888175977075
2002-09-19,25.044305968863085,-43.50134680985666,-36.37904854664163,-35.93743361113067
2002-09-20,22.948196544414216,-43.16676151444426,-37.096783419497456,-37.30903716664917
2002-09-21,22.198820878189913,-45.99108391465262,-35.90634664177476,-36.9848054614172
2002-09-22,22.29206852028744,-45.75267906509243,-35.935517842709,-37.33707225831467
2002-09-23,23.66015320893145,-45.010335352001434,-35.62436088164132,-37.96117976517192
2002-09-24,25.74484948623716,-44.81872648397882,-36.681897647794976,-38.59815501856206
2002-09-25,26.1430387545934,-44.269831068892024,-37.6840961026488,-36.815279708086635
2002-09-26,25.36708691388952,-43.33436502073752,-36.33146859705137,-37.08243787078526
